"HA (Flu) / GP160 (Jurkat) biological_process Ontology, dist <= 1","","","",""
"Label","REF","ID","URL","p-value"
"UNCLASSIFIED","4289","","","0"
"viral process","673","GO:0016032","http://amigo.geneontology.org/amigo/term/GO:0016032","1.03684733206e-74"
"multi-organism cellular process","678","GO:0044764","http://amigo.geneontology.org/amigo/term/GO:0044764","2.27220229455e-74"
"interspecies interaction between organisms","749","GO:0044419","http://amigo.geneontology.org/amigo/term/GO:0044419","6.51581067591e-71"
"symbiosis, encompassing mutualism through parasitism","749","GO:0044403","http://amigo.geneontology.org/amigo/term/GO:0044403","6.51581067591e-71"
"SRP-dependent cotranslational protein targeting to membrane","109","GO:0006614","http://amigo.geneontology.org/amigo/term/GO:0006614","1.0180291558e-57"
"cotranslational protein targeting to membrane","112","GO:0006613","http://amigo.geneontology.org/amigo/term/GO:0006613","4.34273535536e-57"
"protein localization to endoplasmic reticulum","136","GO:0070972","http://amigo.geneontology.org/amigo/term/GO:0070972","5.49206936723e-57"
"protein targeting to ER","113","GO:0045047","http://amigo.geneontology.org/amigo/term/GO:0045047","6.98086242296e-57"
"establishment of protein localization to endoplasmic reticulum","117","GO:0072599","http://amigo.geneontology.org/amigo/term/GO:0072599","4.46791325766e-56"
"cellular protein metabolic process","3375","GO:0044267","http://amigo.geneontology.org/amigo/term/GO:0044267","1.93166845531e-54"
"cellular metabolic process","8461","GO:0044237","http://amigo.geneontology.org/amigo/term/GO:0044237","1.51214953584e-53"
"cellular macromolecule catabolic process","761","GO:0044265","http://amigo.geneontology.org/amigo/term/GO:0044265","2.92997159484e-52"
"primary metabolic process","8563","GO:0044238","http://amigo.geneontology.org/amigo/term/GO:0044238","1.87566812912e-51"
"viral gene expression","121","GO:0019080","http://amigo.geneontology.org/amigo/term/GO:0019080","7.68129069594e-51"
"macromolecule catabolic process","895","GO:0009057","http://amigo.geneontology.org/amigo/term/GO:0009057","7.21817654984e-50"
"multi-organism metabolic process","127","GO:0044033","http://amigo.geneontology.org/amigo/term/GO:0044033","8.72924031084e-50"
"mRNA metabolic process","562","GO:0016071","http://amigo.geneontology.org/amigo/term/GO:0016071","8.78694075411e-50"
"viral transcription","111","GO:0019083","http://amigo.geneontology.org/amigo/term/GO:0019083","9.95806425809e-50"
"viral life cycle","241","GO:0019058","http://amigo.geneontology.org/amigo/term/GO:0019058","1.86493242862e-49"
"protein targeting to membrane","186","GO:0006612","http://amigo.geneontology.org/amigo/term/GO:0006612","2.08691311903e-49"
"nuclear-transcribed mRNA catabolic process, nonsense-mediated decay","118","GO:0000184","http://amigo.geneontology.org/amigo/term/GO:0000184","1.91533189982e-48"
"protein metabolic process","4043","GO:0019538","http://amigo.geneontology.org/amigo/term/GO:0019538","6.4857157758e-48"
"metabolic process","9836","GO:0008152","http://amigo.geneontology.org/amigo/term/GO:0008152","1.14330089492e-47"
"organic substance metabolic process","8883","GO:0071704","http://amigo.geneontology.org/amigo/term/GO:0071704","1.41907255622e-47"
"single-organism intracellular transport","1159","GO:1902582","http://amigo.geneontology.org/amigo/term/GO:1902582","7.1899715159e-46"
"establishment of protein localization to organelle","347","GO:0072594","http://amigo.geneontology.org/amigo/term/GO:0072594","9.08382789636e-46"
"cellular process","14118","GO:0009987","http://amigo.geneontology.org/amigo/term/GO:0009987","8.2547987572e-45"
"establishment of protein localization to membrane","272","GO:0090150","http://amigo.geneontology.org/amigo/term/GO:0090150","6.41446198265e-44"
"nuclear-transcribed mRNA catabolic process","180","GO:0000956","http://amigo.geneontology.org/amigo/term/GO:0000956","1.52698257666e-43"
"intracellular transport","1348","GO:0046907","http://amigo.geneontology.org/amigo/term/GO:0046907","5.11532976611e-43"
"cellular macromolecule metabolic process","6571","GO:0044260","http://amigo.geneontology.org/amigo/term/GO:0044260","9.17585695531e-43"
"protein targeting","422","GO:0006605","http://amigo.geneontology.org/amigo/term/GO:0006605","1.4041719835e-42"
"intracellular protein transport","727","GO:0006886","http://amigo.geneontology.org/amigo/term/GO:0006886","3.58759701303e-42"
"mRNA catabolic process","192","GO:0006402","http://amigo.geneontology.org/amigo/term/GO:0006402","3.9314780059e-42"
"translational elongation","200","GO:0006414","http://amigo.geneontology.org/amigo/term/GO:0006414","3.0499483774e-41"
"organic substance catabolic process","1497","GO:1901575","http://amigo.geneontology.org/amigo/term/GO:1901575","4.83069515999e-41"
"translational initiation","228","GO:0006413","http://amigo.geneontology.org/amigo/term/GO:0006413","7.92229928088e-41"
"protein localization to organelle","524","GO:0033365","http://amigo.geneontology.org/amigo/term/GO:0033365","1.35467579628e-40"
"establishment of localization in cell","1808","GO:0051649","http://amigo.geneontology.org/amigo/term/GO:0051649","1.42914130431e-40"
"cytoplasmic transport","703","GO:0016482","http://amigo.geneontology.org/amigo/term/GO:0016482","1.99459841018e-40"
"antigen processing and presentation of exogenous peptide antigen via MHC class I, TAP-dependent","75","GO:0002479","http://amigo.geneontology.org/amigo/term/GO:0002479","2.11846036406e-40"
"RNA catabolic process","221","GO:0006401","http://amigo.geneontology.org/amigo/term/GO:0006401","2.68628173673e-40"
"single-organism cellular localization","844","GO:1902580","http://amigo.geneontology.org/amigo/term/GO:1902580","6.04113331778e-40"
"multi-organism process","2165","GO:0051704","http://amigo.geneontology.org/amigo/term/GO:0051704","1.28502726771e-39"
"antigen processing and presentation of exogenous peptide antigen via MHC class I","79","GO:0042590","http://amigo.geneontology.org/amigo/term/GO:0042590","1.51460321443e-39"
"translational termination","171","GO:0006415","http://amigo.geneontology.org/amigo/term/GO:0006415","1.99911346095e-39"
"translation","393","GO:0006412","http://amigo.geneontology.org/amigo/term/GO:0006412","4.01038782949e-39"
"macromolecule metabolic process","7257","GO:0043170","http://amigo.geneontology.org/amigo/term/GO:0043170","4.83887537955e-39"
"cellular protein complex disassembly","200","GO:0043624","http://amigo.geneontology.org/amigo/term/GO:0043624","9.71957308371e-39"
"protein localization to membrane","387","GO:0072657","http://amigo.geneontology.org/amigo/term/GO:0072657","1.89459819972e-38"
"cellular catabolic process","1408","GO:0044248","http://amigo.geneontology.org/amigo/term/GO:0044248","3.21944879201e-37"
"protein complex disassembly","220","GO:0043241","http://amigo.geneontology.org/amigo/term/GO:0043241","9.40066264835e-37"
"cellular localization","2176","GO:0051641","http://amigo.geneontology.org/amigo/term/GO:0051641","1.66674498236e-36"
"antigen processing and presentation of peptide antigen via MHC class I","104","GO:0002474","http://amigo.geneontology.org/amigo/term/GO:0002474","1.87873411287e-36"
"macromolecular complex subunit organization","2048","GO:0043933","http://amigo.geneontology.org/amigo/term/GO:0043933","2.01969376176e-36"
"membrane organization","870","GO:0061024","http://amigo.geneontology.org/amigo/term/GO:0061024","2.74264894546e-36"
"cellular protein localization","1150","GO:0034613","http://amigo.geneontology.org/amigo/term/GO:0034613","4.93348563241e-36"
"macromolecular complex disassembly","228","GO:0032984","http://amigo.geneontology.org/amigo/term/GO:0032984","5.17658742217e-36"
"protein complex subunit organization","1396","GO:0071822","http://amigo.geneontology.org/amigo/term/GO:0071822","5.40652392068e-36"
"catabolic process","1723","GO:0009056","http://amigo.geneontology.org/amigo/term/GO:0009056","6.66585992862e-36"
"cellular macromolecule localization","1158","GO:0070727","http://amigo.geneontology.org/amigo/term/GO:0070727","8.7132153264e-36"
"single-organism membrane organization","706","GO:0044802","http://amigo.geneontology.org/amigo/term/GO:0044802","1.14516296654e-35"
"establishment of protein localization","1304","GO:0045184","http://amigo.geneontology.org/amigo/term/GO:0045184","3.98099272298e-33"
"antigen processing and presentation of exogenous peptide antigen","171","GO:0002478","http://amigo.geneontology.org/amigo/term/GO:0002478","4.19231370601e-33"
"single-organism cellular process","11370","GO:0044763","http://amigo.geneontology.org/amigo/term/GO:0044763","1.53819907855e-32"
"biological_process","16525","GO:0008150","http://amigo.geneontology.org/amigo/term/GO:0008150","2.05679249003e-32"
"antigen processing and presentation of exogenous antigen","178","GO:0019884","http://amigo.geneontology.org/amigo/term/GO:0019884","2.20995540489e-32"
"protein transport","1222","GO:0015031","http://amigo.geneontology.org/amigo/term/GO:0015031","2.50515118591e-32"
"antigen processing and presentation of peptide antigen","188","GO:0048002","http://amigo.geneontology.org/amigo/term/GO:0048002","2.11319561124e-31"
"signal transduction involved in mitotic G1 DNA damage checkpoint","68","GO:0072431","http://amigo.geneontology.org/amigo/term/GO:0072431","2.87581869373e-31"
"intracellular signal transduction involved in G1 DNA damage checkpoint","68","GO:1902400","http://amigo.geneontology.org/amigo/term/GO:1902400","2.87581869373e-31"
"signal transduction involved in mitotic cell cycle checkpoint","69","GO:0072413","http://amigo.geneontology.org/amigo/term/GO:0072413","4.51957256217e-31"
"signal transduction involved in mitotic DNA integrity checkpoint","69","GO:1902403","http://amigo.geneontology.org/amigo/term/GO:1902403","4.51957256217e-31"
"signal transduction involved in mitotic DNA damage checkpoint","69","GO:1902402","http://amigo.geneontology.org/amigo/term/GO:1902402","4.51957256217e-31"
"nucleobase-containing compound catabolic process","342","GO:0034655","http://amigo.geneontology.org/amigo/term/GO:0034655","8.20940095423e-31"
"signal transduction involved in DNA damage checkpoint","71","GO:0072422","http://amigo.geneontology.org/amigo/term/GO:0072422","1.09419145681e-30"
"signal transduction involved in DNA integrity checkpoint","71","GO:0072401","http://amigo.geneontology.org/amigo/term/GO:0072401","1.09419145681e-30"
"cellular component organization","4920","GO:0016043","http://amigo.geneontology.org/amigo/term/GO:0016043","1.66100130296e-30"
"signal transduction involved in cell cycle checkpoint","72","GO:0072395","http://amigo.geneontology.org/amigo/term/GO:0072395","1.68622523068e-30"
"single-organism process","12720","GO:0044699","http://amigo.geneontology.org/amigo/term/GO:0044699","2.6425813445e-30"
"establishment of localization","3844","GO:0051234","http://amigo.geneontology.org/amigo/term/GO:0051234","4.51042831506e-30"
"DNA damage response, signal transduction by p53 class mediator resulting in cell cycle arrest","67","GO:0006977","http://amigo.geneontology.org/amigo/term/GO:0006977","5.56406364841e-30"
"mitotic G1 DNA damage checkpoint","77","GO:0031571","http://amigo.geneontology.org/amigo/term/GO:0031571","1.34036616445e-29"
"single-organism localization","3303","GO:1902578","http://amigo.geneontology.org/amigo/term/GO:1902578","1.45857616671e-29"
"mitotic G1/S transition checkpoint","78","GO:0044819","http://amigo.geneontology.org/amigo/term/GO:0044819","1.99524311884e-29"
"G1 DNA damage checkpoint","78","GO:0044783","http://amigo.geneontology.org/amigo/term/GO:0044783","1.99524311884e-29"
"protein folding","224","GO:0006457","http://amigo.geneontology.org/amigo/term/GO:0006457","2.07919363573e-29"
"positive regulation of ubiquitin-protein ligase activity involved in regulation of mitotic cell cycle transition","72","GO:0051437","http://amigo.geneontology.org/amigo/term/GO:0051437","4.80356132676e-29"
"cellular component organization or biogenesis","5042","GO:0071840","http://amigo.geneontology.org/amigo/term/GO:0071840","5.11027009177e-29"
"transport","3738","GO:0006810","http://amigo.geneontology.org/amigo/term/GO:0006810","1.28586068457e-28"
"single-organism transport","3098","GO:0044765","http://amigo.geneontology.org/amigo/term/GO:0044765","1.82976351133e-28"
"cellular nitrogen compound catabolic process","383","GO:0044270","http://amigo.geneontology.org/amigo/term/GO:0044270","2.05548274242e-28"
"heterocycle catabolic process","383","GO:0046700","http://amigo.geneontology.org/amigo/term/GO:0046700","2.05548274242e-28"
"antigen processing and presentation","225","GO:0019882","http://amigo.geneontology.org/amigo/term/GO:0019882","3.32158158883e-28"
"protein localization","1699","GO:0008104","http://amigo.geneontology.org/amigo/term/GO:0008104","5.96866305062e-28"
"organic substance transport","1897","GO:0071702","http://amigo.geneontology.org/amigo/term/GO:0071702","6.81410599318e-28"
"aromatic compound catabolic process","393","GO:0019439","http://amigo.geneontology.org/amigo/term/GO:0019439","7.15641863375e-28"
"mitotic S phase","117","GO:0000084","http://amigo.geneontology.org/amigo/term/GO:0000084","7.29889238282e-28"
"S phase","119","GO:0051320","http://amigo.geneontology.org/amigo/term/GO:0051320","1.28191515011e-27"
"negative regulation of ubiquitin-protein ligase activity involved in mitotic cell cycle","81","GO:0051436","http://amigo.geneontology.org/amigo/term/GO:0051436","1.6151309306e-27"
"mitotic interphase","131","GO:0051329","http://amigo.geneontology.org/amigo/term/GO:0051329","1.73662535273e-27"
"macromolecule localization","2022","GO:0033036","http://amigo.geneontology.org/amigo/term/GO:0033036","2.01385471609e-27"
"interphase","133","GO:0051325","http://amigo.geneontology.org/amigo/term/GO:0051325","2.90794139763e-27"
"anaphase-promoting complex-dependent proteasomal ubiquitin-dependent protein catabolic process","83","GO:0031145","http://amigo.geneontology.org/amigo/term/GO:0031145","3.33780575877e-27"
"gene expression","3807","GO:0010467","http://amigo.geneontology.org/amigo/term/GO:0010467","4.1597578627e-27"
"negative regulation of G1/S transition of mitotic cell cycle","103","GO:2000134","http://amigo.geneontology.org/amigo/term/GO:2000134","4.85856066526e-27"
"mitotic cell cycle phase transition","306","GO:0044772","http://amigo.geneontology.org/amigo/term/GO:0044772","7.27179211049e-27"
"positive regulation of protein ubiquitination involved in ubiquitin-dependent protein catabolic process","86","GO:2000060","http://amigo.geneontology.org/amigo/term/GO:2000060","9.58942893666e-27"
"negative regulation of cell cycle G1/S phase transition","106","GO:1902807","http://amigo.geneontology.org/amigo/term/GO:1902807","1.19768274072e-26"
"cell cycle phase transition","310","GO:0044770","http://amigo.geneontology.org/amigo/term/GO:0044770","1.27925813752e-26"
"positive regulation of cell cycle arrest","88","GO:0071158","http://amigo.geneontology.org/amigo/term/GO:0071158","1.89744688732e-26"
"negative regulation of ubiquitin-protein transferase activity","88","GO:0051444","http://amigo.geneontology.org/amigo/term/GO:0051444","1.89744688732e-26"
"positive regulation of ubiquitin-protein transferase activity","89","GO:0051443","http://amigo.geneontology.org/amigo/term/GO:0051443","2.652953962e-26"
"negative regulation of ligase activity","89","GO:0051352","http://amigo.geneontology.org/amigo/term/GO:0051352","2.652953962e-26"
"organic cyclic compound catabolic process","424","GO:1901361","http://amigo.geneontology.org/amigo/term/GO:1901361","2.75913621855e-26"
"DNA damage response, signal transduction by p53 class mediator","90","GO:0030330","http://amigo.geneontology.org/amigo/term/GO:0030330","3.69479047562e-26"
"regulation of ubiquitin-protein ligase activity involved in mitotic cell cycle","91","GO:0051439","http://amigo.geneontology.org/amigo/term/GO:0051439","5.12610501884e-26"
"mitotic DNA damage checkpoint","101","GO:0044773","http://amigo.geneontology.org/amigo/term/GO:0044773","5.50181150371e-26"
"cellular component disassembly","492","GO:0022411","http://amigo.geneontology.org/amigo/term/GO:0022411","6.86390852927e-26"
"cellular nitrogen compound metabolic process","4895","GO:0034641","http://amigo.geneontology.org/amigo/term/GO:0034641","8.52138100964e-26"
"positive regulation of ligase activity","94","GO:0051351","http://amigo.geneontology.org/amigo/term/GO:0051351","1.33894747178e-25"
"signal transduction in response to DNA damage","105","GO:0042770","http://amigo.geneontology.org/amigo/term/GO:0042770","1.7949456644e-25"
"regulation of protein ubiquitination involved in ubiquitin-dependent protein catabolic process","95","GO:2000058","http://amigo.geneontology.org/amigo/term/GO:2000058","1.83089464594e-25"
"mitotic DNA integrity checkpoint","107","GO:0044774","http://amigo.geneontology.org/amigo/term/GO:0044774","3.18536629381e-25"
"regulation of cell cycle arrest","111","GO:0071156","http://amigo.geneontology.org/amigo/term/GO:0071156","9.70467199491e-25"
"negative regulation of protein modification by small protein conjugation or removal","134","GO:1903321","http://amigo.geneontology.org/amigo/term/GO:1903321","1.10010143166e-24"
"cell cycle G1/S phase transition","172","GO:0044843","http://amigo.geneontology.org/amigo/term/GO:0044843","1.21731968924e-24"
"G1/S transition of mitotic cell cycle","172","GO:0000082","http://amigo.geneontology.org/amigo/term/GO:0000082","1.21731968924e-24"
"regulation of cellular amino acid metabolic process","65","GO:0006521","http://amigo.geneontology.org/amigo/term/GO:0006521","1.55451613837e-24"
"nitrogen compound metabolic process","5263","GO:0006807","http://amigo.geneontology.org/amigo/term/GO:0006807","2.43438761046e-24"
"negative regulation of protein ubiquitination","128","GO:0031397","http://amigo.geneontology.org/amigo/term/GO:0031397","4.33669145031e-24"
"regulation of cellular amine metabolic process","87","GO:0033238","http://amigo.geneontology.org/amigo/term/GO:0033238","6.75608332304e-24"
"proteasome-mediated ubiquitin-dependent protein catabolic process","305","GO:0043161","http://amigo.geneontology.org/amigo/term/GO:0043161","6.7964416856e-24"
"stimulatory C-type lectin receptor signaling pathway","119","GO:0002223","http://amigo.geneontology.org/amigo/term/GO:0002223","7.97393212608e-24"
"regulation of cell cycle G1/S phase transition","144","GO:1902806","http://amigo.geneontology.org/amigo/term/GO:1902806","1.09351283462e-23"
"innate immune response activating cell surface receptor signaling pathway","122","GO:0002220","http://amigo.geneontology.org/amigo/term/GO:0002220","1.690450877e-23"
"proteasomal protein catabolic process","313","GO:0010498","http://amigo.geneontology.org/amigo/term/GO:0010498","1.93660068856e-23"
"regulation of G1/S transition of mitotic cell cycle","137","GO:2000045","http://amigo.geneontology.org/amigo/term/GO:2000045","3.56502097966e-23"
"localization","4680","GO:0051179","http://amigo.geneontology.org/amigo/term/GO:0051179","5.60577010009e-23"
"mitotic cell cycle checkpoint","166","GO:0007093","http://amigo.geneontology.org/amigo/term/GO:0007093","7.2592924247e-23"
"signal transduction by p53 class mediator","129","GO:0072331","http://amigo.geneontology.org/amigo/term/GO:0072331","9.06624297684e-23"
"positive regulation of canonical Wnt signaling pathway","130","GO:0090263","http://amigo.geneontology.org/amigo/term/GO:0090263","1.14335596109e-22"
"regulation of ubiquitin-protein transferase activity","120","GO:0051438","http://amigo.geneontology.org/amigo/term/GO:0051438","1.7521578092e-22"
"regulation of ligase activity","127","GO:0051340","http://amigo.geneontology.org/amigo/term/GO:0051340","9.13797918345e-22"
"DNA damage checkpoint","143","GO:0000077","http://amigo.geneontology.org/amigo/term/GO:0000077","1.98343134454e-21"
"negative regulation of mitotic cell cycle phase transition","157","GO:1901991","http://amigo.geneontology.org/amigo/term/GO:1901991","2.36548240461e-21"
"positive regulation of proteolysis involved in cellular protein catabolic process","161","GO:1903052","http://amigo.geneontology.org/amigo/term/GO:1903052","5.108161934e-21"
"cell cycle checkpoint","255","GO:0000075","http://amigo.geneontology.org/amigo/term/GO:0000075","7.7525957586e-21"
"DNA integrity checkpoint","153","GO:0031570","http://amigo.geneontology.org/amigo/term/GO:0031570","1.48295445672e-20"
"negative regulation of cell cycle phase transition","168","GO:1901988","http://amigo.geneontology.org/amigo/term/GO:1901988","1.87207511738e-20"
"positive regulation of cellular protein catabolic process","173","GO:1903364","http://amigo.geneontology.org/amigo/term/GO:1903364","4.56931285544e-20"
"anaphase","160","GO:0051322","http://amigo.geneontology.org/amigo/term/GO:0051322","5.58298035813e-20"
"mitotic anaphase","160","GO:0000090","http://amigo.geneontology.org/amigo/term/GO:0000090","5.58298035813e-20"
"positive regulation of Wnt signaling pathway","162","GO:0030177","http://amigo.geneontology.org/amigo/term/GO:0030177","8.06063931259e-20"
"positive regulation of protein modification by small protein conjugation or removal","178","GO:1903322","http://amigo.geneontology.org/amigo/term/GO:1903322","1.08491800714e-19"
"positive regulation of protein ubiquitination","165","GO:0031398","http://amigo.geneontology.org/amigo/term/GO:0031398","1.38569383022e-19"
"negative regulation of canonical Wnt signaling pathway","152","GO:0090090","http://amigo.geneontology.org/amigo/term/GO:0090090","1.64305128299e-19"
"mitotic M phase","221","GO:0000087","http://amigo.geneontology.org/amigo/term/GO:0000087","7.10288695146e-19"
"negative regulation of mitotic cell cycle","221","GO:0045930","http://amigo.geneontology.org/amigo/term/GO:0045930","7.10288695146e-19"
"innate immune response-activating signal transduction","239","GO:0002758","http://amigo.geneontology.org/amigo/term/GO:0002758","8.63546340518e-19"
"M phase","223","GO:0000279","http://amigo.geneontology.org/amigo/term/GO:0000279","9.44699957718e-19"
"immune response-activating cell surface receptor signaling pathway","293","GO:0002429","http://amigo.geneontology.org/amigo/term/GO:0002429","9.89602740612e-19"
"mitotic cell cycle phase","294","GO:0098763","http://amigo.geneontology.org/amigo/term/GO:0098763","1.11345197694e-18"
"cell cycle phase","296","GO:0022403","http://amigo.geneontology.org/amigo/term/GO:0022403","1.40768493776e-18"
"activation of innate immune response","245","GO:0002218","http://amigo.geneontology.org/amigo/term/GO:0002218","1.92643614154e-18"
"biological phase","300","GO:0044848","http://amigo.geneontology.org/amigo/term/GO:0044848","2.23800556351e-18"
"positive regulation of cell cycle","301","GO:0045787","http://amigo.geneontology.org/amigo/term/GO:0045787","2.51030132333e-18"
"mitotic cell cycle","786","GO:0000278","http://amigo.geneontology.org/amigo/term/GO:0000278","2.93945107383e-18"
"regulation of programmed cell death","1422","GO:0043067","http://amigo.geneontology.org/amigo/term/GO:0043067","4.90175117018e-18"
"mitotic cell cycle process","716","GO:1903047","http://amigo.geneontology.org/amigo/term/GO:1903047","5.24808623006e-18"
"organic substance biosynthetic process","4571","GO:1901576","http://amigo.geneontology.org/amigo/term/GO:1901576","8.7743665457e-18"
"regulation of apoptotic process","1405","GO:0042981","http://amigo.geneontology.org/amigo/term/GO:0042981","9.58146254192e-18"
"regulation of protein modification by small protein conjugation or removal","259","GO:1903320","http://amigo.geneontology.org/amigo/term/GO:1903320","1.15372773705e-17"
"ubiquitin-dependent protein catabolic process","439","GO:0006511","http://amigo.geneontology.org/amigo/term/GO:0006511","1.22818662615e-17"
"positive regulation of cell cycle process","242","GO:0090068","http://amigo.geneontology.org/amigo/term/GO:0090068","1.24120406714e-17"
"immune response-activating signal transduction","403","GO:0002757","http://amigo.geneontology.org/amigo/term/GO:0002757","2.34965856709e-17"
"modification-dependent protein catabolic process","447","GO:0019941","http://amigo.geneontology.org/amigo/term/GO:0019941","2.45861547457e-17"
"protein polyubiquitination","198","GO:0000209","http://amigo.geneontology.org/amigo/term/GO:0000209","2.87449178957e-17"
"activation of immune response","449","GO:0002253","http://amigo.geneontology.org/amigo/term/GO:0002253","2.91781493328e-17"
"regulation of mitotic cell cycle phase transition","249","GO:1901990","http://amigo.geneontology.org/amigo/term/GO:1901990","3.03013234211e-17"
"regulation of innate immune response","364","GO:0045088","http://amigo.geneontology.org/amigo/term/GO:0045088","3.08224407821e-17"
"negative regulation of cell cycle process","232","GO:0010948","http://amigo.geneontology.org/amigo/term/GO:0010948","3.19824741543e-17"
"negative regulation of Wnt signaling pathway","183","GO:0030178","http://amigo.geneontology.org/amigo/term/GO:0030178","3.23903596242e-17"
"regulation of cellular protein catabolic process","306","GO:1903362","http://amigo.geneontology.org/amigo/term/GO:1903362","3.66550960696e-17"
"modification-dependent macromolecule catabolic process","453","GO:0043632","http://amigo.geneontology.org/amigo/term/GO:0043632","4.09854024103e-17"
"regulation of proteolysis involved in cellular protein catabolic process","288","GO:1903050","http://amigo.geneontology.org/amigo/term/GO:1903050","4.10006708216e-17"
"biosynthetic process","4657","GO:0009058","http://amigo.geneontology.org/amigo/term/GO:0009058","6.08016958641e-17"
"proteolysis involved in cellular protein catabolic process","485","GO:0051603","http://amigo.geneontology.org/amigo/term/GO:0051603","8.80194059558e-17"
"cell cycle","1297","GO:0007049","http://amigo.geneontology.org/amigo/term/GO:0007049","9.81684423711e-17"
"regulation of protein ubiquitination","242","GO:0031396","http://amigo.geneontology.org/amigo/term/GO:0031396","1.15468935958e-16"
"nucleobase-containing compound metabolic process","4360","GO:0006139","http://amigo.geneontology.org/amigo/term/GO:0006139","1.16128409991e-16"
"regulation of cell death","1505","GO:0010941","http://amigo.geneontology.org/amigo/term/GO:0010941","1.52885142335e-16"
"cellular biosynthetic process","4478","GO:0044249","http://amigo.geneontology.org/amigo/term/GO:0044249","2.05270378612e-16"
"regulation of response to stress","1316","GO:0080134","http://amigo.geneontology.org/amigo/term/GO:0080134","2.23564778073e-16"
"regulation of cell cycle phase transition","266","GO:1901987","http://amigo.geneontology.org/amigo/term/GO:1901987","2.36602292822e-16"
"cell cycle process","1041","GO:0022402","http://amigo.geneontology.org/amigo/term/GO:0022402","3.00481444194e-16"
"positive regulation of innate immune response","287","GO:0045089","http://amigo.geneontology.org/amigo/term/GO:0045089","3.04792805271e-16"
"cellular protein catabolic process","501","GO:0044257","http://amigo.geneontology.org/amigo/term/GO:0044257","3.09060072896e-16"
"protein catabolic process","549","GO:0030163","http://amigo.geneontology.org/amigo/term/GO:0030163","3.12672253134e-16"
"'de novo' posttranslational protein folding","48","GO:0051084","http://amigo.geneontology.org/amigo/term/GO:0051084","4.17438916899e-16"
"negative regulation of programmed cell death","844","GO:0043069","http://amigo.geneontology.org/amigo/term/GO:0043069","4.39356332716e-16"
"cellular component biogenesis","1956","GO:0044085","http://amigo.geneontology.org/amigo/term/GO:0044085","4.43339500573e-16"
"heterocycle metabolic process","4561","GO:0046483","http://amigo.geneontology.org/amigo/term/GO:0046483","4.56906048903e-16"
"negative regulation of cell death","902","GO:0060548","http://amigo.geneontology.org/amigo/term/GO:0060548","4.62548604896e-16"
"positive regulation of immune response","581","GO:0050778","http://amigo.geneontology.org/amigo/term/GO:0050778","5.2911606907e-16"
"macromolecular complex assembly","1156","GO:0065003","http://amigo.geneontology.org/amigo/term/GO:0065003","8.82188331143e-16"
"regulation of protein catabolic process","423","GO:0042176","http://amigo.geneontology.org/amigo/term/GO:0042176","9.31614649524e-16"
"cellular macromolecular complex assembly","590","GO:0034622","http://amigo.geneontology.org/amigo/term/GO:0034622","9.84019715164e-16"
"positive regulation of protein catabolic process","242","GO:0045732","http://amigo.geneontology.org/amigo/term/GO:0045732","1.04051050588e-15"
"negative regulation of apoptotic process","833","GO:0043066","http://amigo.geneontology.org/amigo/term/GO:0043066","1.13829794279e-15"
"positive regulation of immune system process","863","GO:0002684","http://amigo.geneontology.org/amigo/term/GO:0002684","1.24035092265e-15"
"cellular aromatic compound metabolic process","4563","GO:0006725","http://amigo.geneontology.org/amigo/term/GO:0006725","1.31918900873e-15"
"regulation of canonical Wnt signaling pathway","227","GO:0060828","http://amigo.geneontology.org/amigo/term/GO:0060828","1.46997673183e-15"
"organic cyclic compound metabolic process","4806","GO:1901360","http://amigo.geneontology.org/amigo/term/GO:1901360","1.51283806116e-15"
"'de novo' protein folding","52","GO:0006458","http://amigo.geneontology.org/amigo/term/GO:0006458","1.7964870385e-15"
"regulation of catabolic process","790","GO:0009894","http://amigo.geneontology.org/amigo/term/GO:0009894","2.36686686665e-15"
"regulation of cellular catabolic process","685","GO:0031329","http://amigo.geneontology.org/amigo/term/GO:0031329","3.01155796704e-15"
"positive regulation of proteolysis","353","GO:0045862","http://amigo.geneontology.org/amigo/term/GO:0045862","4.12725670159e-15"
"single-organism metabolic process","4361","GO:0044710","http://amigo.geneontology.org/amigo/term/GO:0044710","7.10081388283e-15"
"regulation of defense response","733","GO:0031347","http://amigo.geneontology.org/amigo/term/GO:0031347","1.04411099418e-14"
"negative regulation of protein modification process","504","GO:0031400","http://amigo.geneontology.org/amigo/term/GO:0031400","1.36993929969e-14"
"positive regulation of cellular catabolic process","412","GO:0031331","http://amigo.geneontology.org/amigo/term/GO:0031331","1.56447449829e-14"
"response to stress","3559","GO:0006950","http://amigo.geneontology.org/amigo/term/GO:0006950","2.55948563014e-14"
"cellular response to stress","1680","GO:0033554","http://amigo.geneontology.org/amigo/term/GO:0033554","2.84917567984e-14"
"immune response-regulating cell surface receptor signaling pathway","402","GO:0002768","http://amigo.geneontology.org/amigo/term/GO:0002768","4.39344020382e-14"
"small molecule metabolic process","2219","GO:0044281","http://amigo.geneontology.org/amigo/term/GO:0044281","5.11938486342e-14"
"immune response-regulating signaling pathway","501","GO:0002764","http://amigo.geneontology.org/amigo/term/GO:0002764","6.33214105975e-14"
"innate immune response","943","GO:0045087","http://amigo.geneontology.org/amigo/term/GO:0045087","7.24475165667e-14"
"negative regulation of transferase activity","321","GO:0051348","http://amigo.geneontology.org/amigo/term/GO:0051348","7.41752645394e-14"
"cellular component assembly","1788","GO:0022607","http://amigo.geneontology.org/amigo/term/GO:0022607","9.60201172171e-14"
"regulation of cellular ketone metabolic process","193","GO:0010565","http://amigo.geneontology.org/amigo/term/GO:0010565","1.39145632166e-13"
"macromolecule biosynthetic process","3638","GO:0009059","http://amigo.geneontology.org/amigo/term/GO:0009059","1.5637680984e-13"
"cellular macromolecule biosynthetic process","3564","GO:0034645","http://amigo.geneontology.org/amigo/term/GO:0034645","2.17872921261e-13"
"negative regulation of cell cycle","446","GO:0045786","http://amigo.geneontology.org/amigo/term/GO:0045786","2.24077846531e-13"
"negative regulation of protein metabolic process","938","GO:0051248","http://amigo.geneontology.org/amigo/term/GO:0051248","2.41147767139e-13"
"positive regulation of defense response","379","GO:0031349","http://amigo.geneontology.org/amigo/term/GO:0031349","2.69209657927e-13"
"programmed cell death","1067","GO:0012501","http://amigo.geneontology.org/amigo/term/GO:0012501","3.03485474058e-13"
"apoptotic process","1045","GO:0006915","http://amigo.geneontology.org/amigo/term/GO:0006915","4.60659230757e-13"
"mRNA splicing, via spliceosome","222","GO:0000398","http://amigo.geneontology.org/amigo/term/GO:0000398","5.44905436275e-13"
"RNA splicing, via transesterification reactions with bulged adenosine as nucleophile","222","GO:0000377","http://amigo.geneontology.org/amigo/term/GO:0000377","5.44905436275e-13"
"death","1114","GO:0016265","http://amigo.geneontology.org/amigo/term/GO:0016265","5.79959537991e-13"
"RNA splicing, via transesterification reactions","225","GO:0000375","http://amigo.geneontology.org/amigo/term/GO:0000375","7.68298130891e-13"
"regulation of cell cycle process","515","GO:0010564","http://amigo.geneontology.org/amigo/term/GO:0010564","9.15193541541e-13"
"positive regulation of catabolic process","467","GO:0009896","http://amigo.geneontology.org/amigo/term/GO:0009896","1.0298062823e-12"
"cell death","1109","GO:0008219","http://amigo.geneontology.org/amigo/term/GO:0008219","1.80620516156e-12"
"generation of precursor metabolites and energy","403","GO:0006091","http://amigo.geneontology.org/amigo/term/GO:0006091","1.8178168134e-12"
"regulation of Wnt signaling pathway","296","GO:0030111","http://amigo.geneontology.org/amigo/term/GO:0030111","2.51891015037e-12"
"regulation of immune system process","1390","GO:0002682","http://amigo.geneontology.org/amigo/term/GO:0002682","2.98766001513e-12"
"negative regulation of cellular protein metabolic process","871","GO:0032269","http://amigo.geneontology.org/amigo/term/GO:0032269","3.10295753153e-12"
"regulation of immune response","844","GO:0050776","http://amigo.geneontology.org/amigo/term/GO:0050776","3.58979427212e-12"
"cellular nitrogen compound biosynthetic process","3116","GO:0044271","http://amigo.geneontology.org/amigo/term/GO:0044271","9.02756592859e-12"
"heterocycle biosynthetic process","3033","GO:0018130","http://amigo.geneontology.org/amigo/term/GO:0018130","9.69137711604e-12"
"aromatic compound biosynthetic process","3034","GO:0019438","http://amigo.geneontology.org/amigo/term/GO:0019438","9.91776968771e-12"
"ribonucleoprotein complex biogenesis","334","GO:0022613","http://amigo.geneontology.org/amigo/term/GO:0022613","1.07030780445e-11"
"nucleobase-containing compound biosynthetic process","2952","GO:0034654","http://amigo.geneontology.org/amigo/term/GO:0034654","1.07637230116e-11"
"RNA splicing","337","GO:0008380","http://amigo.geneontology.org/amigo/term/GO:0008380","1.37369717402e-11"
"immune system process","2107","GO:0002376","http://amigo.geneontology.org/amigo/term/GO:0002376","1.53523573734e-11"
"regulation of mitotic cell cycle","460","GO:0007346","http://amigo.geneontology.org/amigo/term/GO:0007346","1.92944272562e-11"
"organic cyclic compound biosynthetic process","3164","GO:1901362","http://amigo.geneontology.org/amigo/term/GO:1901362","2.66053668981e-11"
"positive regulation of transferase activity","569","GO:0051347","http://amigo.geneontology.org/amigo/term/GO:0051347","2.68412336997e-11"
"regulation of protein metabolic process","2378","GO:0051246","http://amigo.geneontology.org/amigo/term/GO:0051246","3.62001285882e-11"
"RNA metabolic process","3366","GO:0016070","http://amigo.geneontology.org/amigo/term/GO:0016070","4.72031116183e-11"
"nucleic acid metabolic process","3866","GO:0090304","http://amigo.geneontology.org/amigo/term/GO:0090304","5.09750492835e-11"
"ribonucleoprotein complex assembly","170","GO:0022618","http://amigo.geneontology.org/amigo/term/GO:0022618","5.2215524053e-11"
"proteasomal ubiquitin-independent protein catabolic process","23","GO:0010499","http://amigo.geneontology.org/amigo/term/GO:0010499","1.25478419329e-10"
"ribonucleoprotein complex subunit organization","179","GO:0071826","http://amigo.geneontology.org/amigo/term/GO:0071826","1.56902297384e-10"
"cellular response to DNA damage stimulus","690","GO:0006974","http://amigo.geneontology.org/amigo/term/GO:0006974","2.00951897081e-10"
"regulation of proteolysis","751","GO:0030162","http://amigo.geneontology.org/amigo/term/GO:0030162","2.22862930923e-10"
"regulation of cellular protein metabolic process","2209","GO:0032268","http://amigo.geneontology.org/amigo/term/GO:0032268","2.34871371195e-10"
"organelle organization","2891","GO:0006996","http://amigo.geneontology.org/amigo/term/GO:0006996","9.07382693427e-10"
"mRNA processing","394","GO:0006397","http://amigo.geneontology.org/amigo/term/GO:0006397","1.00348043146e-09"
"immune response","1321","GO:0006955","http://amigo.geneontology.org/amigo/term/GO:0006955","1.31031829486e-09"
"positive regulation of response to stimulus","1844","GO:0048584","http://amigo.geneontology.org/amigo/term/GO:0048584","1.44272487606e-09"
"RNA processing","703","GO:0006396","http://amigo.geneontology.org/amigo/term/GO:0006396","1.59828390984e-09"
"regulation of cell cycle","930","GO:0051726","http://amigo.geneontology.org/amigo/term/GO:0051726","2.39688273022e-09"
"positive regulation of cellular protein metabolic process","1308","GO:0032270","http://amigo.geneontology.org/amigo/term/GO:0032270","2.74784349988e-09"
"negative regulation of macromolecule metabolic process","2134","GO:0010605","http://amigo.geneontology.org/amigo/term/GO:0010605","5.65698218344e-09"
"defense response","1440","GO:0006952","http://amigo.geneontology.org/amigo/term/GO:0006952","5.80916682854e-09"
"response to stimulus","7577","GO:0050896","http://amigo.geneontology.org/amigo/term/GO:0050896","7.49762764241e-09"
"response to endoplasmic reticulum stress","217","GO:0034976","http://amigo.geneontology.org/amigo/term/GO:0034976","8.89856810861e-09"
"negative regulation of cellular metabolic process","2194","GO:0031324","http://amigo.geneontology.org/amigo/term/GO:0031324","9.06753312229e-09"
"response to topologically incorrect protein","160","GO:0035966","http://amigo.geneontology.org/amigo/term/GO:0035966","1.02170223379e-08"
"negative regulation of biological process","4346","GO:0048519","http://amigo.geneontology.org/amigo/term/GO:0048519","1.11411738611e-08"
"energy derivation by oxidation of organic compounds","334","GO:0015980","http://amigo.geneontology.org/amigo/term/GO:0015980","1.37643174003e-08"
"positive regulation of protein metabolic process","1399","GO:0051247","http://amigo.geneontology.org/amigo/term/GO:0051247","1.55145415768e-08"
"negative regulation of response to stimulus","1295","GO:0048585","http://amigo.geneontology.org/amigo/term/GO:0048585","1.80414612091e-08"
"negative regulation of cellular process","4000","GO:0048523","http://amigo.geneontology.org/amigo/term/GO:0048523","2.02487452683e-08"
"response to organic substance","2523","GO:0010033","http://amigo.geneontology.org/amigo/term/GO:0010033","2.16026190414e-08"
"response to unfolded protein","150","GO:0006986","http://amigo.geneontology.org/amigo/term/GO:0006986","2.66894886571e-08"
"ribosome assembly","48","GO:0042255","http://amigo.geneontology.org/amigo/term/GO:0042255","3.55665573523e-08"
"ER-associated ubiquitin-dependent protein catabolic process","60","GO:0030433","http://amigo.geneontology.org/amigo/term/GO:0030433","3.78629808215e-08"
"positive regulation of protein modification process","1047","GO:0031401","http://amigo.geneontology.org/amigo/term/GO:0031401","5.41441520844e-08"
"ribonucleoside triphosphate metabolic process","195","GO:0009199","http://amigo.geneontology.org/amigo/term/GO:0009199","5.42119334567e-08"
"regulation of protein modification process","1517","GO:0031399","http://amigo.geneontology.org/amigo/term/GO:0031399","5.55980077088e-08"
"negative regulation of metabolic process","2461","GO:0009892","http://amigo.geneontology.org/amigo/term/GO:0009892","8.90156770623e-08"
"regulation of response to stimulus","3433","GO:0048583","http://amigo.geneontology.org/amigo/term/GO:0048583","8.98331589347e-08"
"proteolysis","1144","GO:0006508","http://amigo.geneontology.org/amigo/term/GO:0006508","1.3511974938e-07"
"positive regulation of biological process","5253","GO:0048518","http://amigo.geneontology.org/amigo/term/GO:0048518","1.5974523666e-07"
"ERAD pathway","68","GO:0036503","http://amigo.geneontology.org/amigo/term/GO:0036503","1.93281060291e-07"
"regulation of transferase activity","880","GO:0051338","http://amigo.geneontology.org/amigo/term/GO:0051338","1.93630439109e-07"
"RNA biosynthetic process","2671","GO:0032774","http://amigo.geneontology.org/amigo/term/GO:0032774","1.97794280648e-07"
"single-organism carbohydrate metabolic process","606","GO:0044723","http://amigo.geneontology.org/amigo/term/GO:0044723","3.02358320979e-07"
"ribosome biogenesis","215","GO:0042254","http://amigo.geneontology.org/amigo/term/GO:0042254","3.41752994666e-07"
"negative regulation of molecular function","1032","GO:0044092","http://amigo.geneontology.org/amigo/term/GO:0044092","3.42465672759e-07"
"ATP metabolic process","174","GO:0046034","http://amigo.geneontology.org/amigo/term/GO:0046034","3.59385175429e-07"
"nucleoside triphosphate metabolic process","216","GO:0009141","http://amigo.geneontology.org/amigo/term/GO:0009141","3.72721852897e-07"
"oxidation-reduction process","1003","GO:0055114","http://amigo.geneontology.org/amigo/term/GO:0055114","4.14220156561e-07"
"positive regulation of signal transduction","1326","GO:0009967","http://amigo.geneontology.org/amigo/term/GO:0009967","4.18897734848e-07"
"ribosomal large subunit biogenesis","36","GO:0042273","http://amigo.geneontology.org/amigo/term/GO:0042273","4.50208200976e-07"
"negative regulation of catalytic activity","804","GO:0043086","http://amigo.geneontology.org/amigo/term/GO:0043086","4.56126170639e-07"
"cytoplasmic translation","28","GO:0002181","http://amigo.geneontology.org/amigo/term/GO:0002181","7.6061513716e-07"
"positive regulation of cellular process","4526","GO:0048522","http://amigo.geneontology.org/amigo/term/GO:0048522","9.63182028908e-07"
"negative regulation of signaling","1138","GO:0023057","http://amigo.geneontology.org/amigo/term/GO:0023057","1.06105392287e-06"
"negative regulation of signal transduction","1035","GO:0009968","http://amigo.geneontology.org/amigo/term/GO:0009968","1.19436897064e-06"
"negative regulation of cell communication","1146","GO:0010648","http://amigo.geneontology.org/amigo/term/GO:0010648","1.35511768644e-06"
"purine ribonucleoside triphosphate metabolic process","189","GO:0009205","http://amigo.geneontology.org/amigo/term/GO:0009205","1.49226852059e-06"
"ribonucleoside monophosphate metabolic process","211","GO:0009161","http://amigo.geneontology.org/amigo/term/GO:0009161","1.55904349913e-06"
"protein ubiquitination","585","GO:0016567","http://amigo.geneontology.org/amigo/term/GO:0016567","1.7941036667e-06"
"mitochondrial transport","153","GO:0006839","http://amigo.geneontology.org/amigo/term/GO:0006839","2.35234760982e-06"
"response to chemical","3863","GO:0042221","http://amigo.geneontology.org/amigo/term/GO:0042221","2.53706367449e-06"
"purine nucleoside triphosphate metabolic process","197","GO:0009144","http://amigo.geneontology.org/amigo/term/GO:0009144","3.02427455311e-06"
"purine ribonucleoside monophosphate metabolic process","198","GO:0009167","http://amigo.geneontology.org/amigo/term/GO:0009167","3.29561327682e-06"
"purine nucleoside monophosphate metabolic process","199","GO:0009126","http://amigo.geneontology.org/amigo/term/GO:0009126","3.58946497387e-06"
"nucleoside monophosphate metabolic process","222","GO:0009123","http://amigo.geneontology.org/amigo/term/GO:0009123","3.82845328767e-06"
"protein complex assembly","940","GO:0006461","http://amigo.geneontology.org/amigo/term/GO:0006461","5.17537827743e-06"
"protein complex biogenesis","940","GO:0070271","http://amigo.geneontology.org/amigo/term/GO:0070271","5.17537827743e-06"
"protein N-linked glycosylation via asparagine","124","GO:0018279","http://amigo.geneontology.org/amigo/term/GO:0018279","6.30075190809e-06"
"peptidyl-asparagine modification","125","GO:0018196","http://amigo.geneontology.org/amigo/term/GO:0018196","7.05602206385e-06"
"positive regulation of cellular metabolic process","2825","GO:0031325","http://amigo.geneontology.org/amigo/term/GO:0031325","8.58588700001e-06"
"ribosomal large subunit assembly","18","GO:0000027","http://amigo.geneontology.org/amigo/term/GO:0000027","1.07309795049e-05"
"positive regulation of macromolecule metabolic process","2659","GO:0010604","http://amigo.geneontology.org/amigo/term/GO:0010604","1.07532970935e-05"
"carbohydrate metabolic process","793","GO:0005975","http://amigo.geneontology.org/amigo/term/GO:0005975","1.18341520507e-05"
"nucleotide metabolic process","479","GO:0009117","http://amigo.geneontology.org/amigo/term/GO:0009117","1.31730713691e-05"
"positive regulation of signaling","1457","GO:0023056","http://amigo.geneontology.org/amigo/term/GO:0023056","1.40987590115e-05"
"cellular protein modification process","2588","GO:0006464","http://amigo.geneontology.org/amigo/term/GO:0006464","1.4836949435e-05"
"protein modification process","2588","GO:0036211","http://amigo.geneontology.org/amigo/term/GO:0036211","1.4836949435e-05"
"positive regulation of cell communication","1463","GO:0010647","http://amigo.geneontology.org/amigo/term/GO:0010647","1.63622681943e-05"
"glycosyl compound metabolic process","343","GO:1901657","http://amigo.geneontology.org/amigo/term/GO:1901657","1.67166092095e-05"
"nucleoside phosphate metabolic process","485","GO:0006753","http://amigo.geneontology.org/amigo/term/GO:0006753","1.74582524224e-05"
"cellular response to stimulus","6182","GO:0051716","http://amigo.geneontology.org/amigo/term/GO:0051716","2.0658705164e-05"
"protein N-linked glycosylation","135","GO:0006487","http://amigo.geneontology.org/amigo/term/GO:0006487","2.0743920746e-05"
"protein modification by small protein conjugation","678","GO:0032446","http://amigo.geneontology.org/amigo/term/GO:0032446","2.24645973672e-05"
"nucleoside metabolic process","325","GO:0009116","http://amigo.geneontology.org/amigo/term/GO:0009116","2.755048196e-05"
"ribonucleoside metabolic process","300","GO:0009119","http://amigo.geneontology.org/amigo/term/GO:0009119","2.9578899633e-05"
"COPI-coated vesicle budding","13","GO:0035964","http://amigo.geneontology.org/amigo/term/GO:0035964","3.15595218077e-05"
"COPI coating of Golgi vesicle","13","GO:0048205","http://amigo.geneontology.org/amigo/term/GO:0048205","3.15595218077e-05"
"Golgi transport vesicle coating","13","GO:0048200","http://amigo.geneontology.org/amigo/term/GO:0048200","3.15595218077e-05"
"protein refolding","21","GO:0042026","http://amigo.geneontology.org/amigo/term/GO:0042026","3.52339545172e-05"
"ribose phosphate metabolic process","333","GO:0019693","http://amigo.geneontology.org/amigo/term/GO:0019693","4.36789536713e-05"
"regulation of metabolic process","6531","GO:0019222","http://amigo.geneontology.org/amigo/term/GO:0019222","5.56446123332e-05"
"regulation of signal transduction","2485","GO:0009966","http://amigo.geneontology.org/amigo/term/GO:0009966","5.68399955496e-05"
"macromolecule modification","2734","GO:0043412","http://amigo.geneontology.org/amigo/term/GO:0043412","8.85769860811e-05"
"ribonucleotide metabolic process","320","GO:0009259","http://amigo.geneontology.org/amigo/term/GO:0009259","9.60112970063e-05"
"regulation of macromolecule metabolic process","5474","GO:0060255","http://amigo.geneontology.org/amigo/term/GO:0060255","0.000103028849636"
"Golgi vesicle budding","16","GO:0048194","http://amigo.geneontology.org/amigo/term/GO:0048194","0.000129228963047"
"intracellular signal transduction","1757","GO:0035556","http://amigo.geneontology.org/amigo/term/GO:0035556","0.000133795729508"
"cellular respiration","177","GO:0045333","http://amigo.geneontology.org/amigo/term/GO:0045333","0.000140690709821"
"regulation of signaling","2810","GO:0023051","http://amigo.geneontology.org/amigo/term/GO:0023051","0.000147563029831"
"purine ribonucleoside metabolic process","276","GO:0046128","http://amigo.geneontology.org/amigo/term/GO:0046128","0.000161723346569"
"phosphorus metabolic process","1937","GO:0006793","http://amigo.geneontology.org/amigo/term/GO:0006793","0.000171570205999"
"regulation of cell communication","2823","GO:0010646","http://amigo.geneontology.org/amigo/term/GO:0010646","0.000182522254286"
"purine nucleoside metabolic process","279","GO:0042278","http://amigo.geneontology.org/amigo/term/GO:0042278","0.000193809202108"
"mitochondrial transmembrane transport","51","GO:1990542","http://amigo.geneontology.org/amigo/term/GO:1990542","0.000216416931467"
"carbohydrate derivative metabolic process","1028","GO:1901135","http://amigo.geneontology.org/amigo/term/GO:1901135","0.000216653628089"
"nucleobase-containing small molecule metabolic process","545","GO:0055086","http://amigo.geneontology.org/amigo/term/GO:0055086","0.000230494981859"
"protein modification by small protein conjugation or removal","788","GO:0070647","http://amigo.geneontology.org/amigo/term/GO:0070647","0.000314442062621"
"glucose metabolic process","143","GO:0006006","http://amigo.geneontology.org/amigo/term/GO:0006006","0.000316879338014"
"organophosphate metabolic process","827","GO:0019637","http://amigo.geneontology.org/amigo/term/GO:0019637","0.000353524218582"
"ribonucleoside triphosphate biosynthetic process","55","GO:0009201","http://amigo.geneontology.org/amigo/term/GO:0009201","0.000433674526641"
"respiratory electron transport chain","128","GO:0022904","http://amigo.geneontology.org/amigo/term/GO:0022904","0.00054292125557"
"positive regulation of metabolic process","3465","GO:0009893","http://amigo.geneontology.org/amigo/term/GO:0009893","0.000616848099276"
"electron transport chain","130","GO:0022900","http://amigo.geneontology.org/amigo/term/GO:0022900","0.000654301701164"
"regulation of cellular metabolic process","5738","GO:0031323","http://amigo.geneontology.org/amigo/term/GO:0031323","0.000682169047909"
"purine ribonucleotide metabolic process","305","GO:0009150","http://amigo.geneontology.org/amigo/term/GO:0009150","0.000844677909954"
"retrograde vesicle-mediated transport, Golgi to ER","33","GO:0006890","http://amigo.geneontology.org/amigo/term/GO:0006890","0.00109748473503"
"hexose metabolic process","183","GO:0019318","http://amigo.geneontology.org/amigo/term/GO:0019318","0.00129428966943"
"binding of sperm to zona pellucida","35","GO:0007339","http://amigo.geneontology.org/amigo/term/GO:0007339","0.0017061823218"
"carbohydrate derivative biosynthetic process","601","GO:1901137","http://amigo.geneontology.org/amigo/term/GO:1901137","0.00183753476914"
"cell cycle G2/M phase transition","142","GO:0044839","http://amigo.geneontology.org/amigo/term/GO:0044839","0.00187618278461"
"G2/M transition of mitotic cell cycle","142","GO:0000086","http://amigo.geneontology.org/amigo/term/GO:0000086","0.00187618278461"
"positive regulation of catalytic activity","1397","GO:0043085","http://amigo.geneontology.org/amigo/term/GO:0043085","0.00223463018184"
"nucleoside triphosphate biosynthetic process","66","GO:0009142","http://amigo.geneontology.org/amigo/term/GO:0009142","0.00227711943023"
"purine nucleotide metabolic process","327","GO:0006163","http://amigo.geneontology.org/amigo/term/GO:0006163","0.00260183020431"
"regulation of primary metabolic process","5497","GO:0080090","http://amigo.geneontology.org/amigo/term/GO:0080090","0.0028083044805"
"positive regulation of molecular function","1662","GO:0044093","http://amigo.geneontology.org/amigo/term/GO:0044093","0.00309006821298"
"ATP biosynthetic process","38","GO:0006754","http://amigo.geneontology.org/amigo/term/GO:0006754","0.00315172804006"
"coenzyme metabolic process","248","GO:0006732","http://amigo.geneontology.org/amigo/term/GO:0006732","0.00327299502935"
"regulation of biological process","10582","GO:0050789","http://amigo.geneontology.org/amigo/term/GO:0050789","0.00336777062924"
"phosphate-containing compound metabolic process","1890","GO:0006796","http://amigo.geneontology.org/amigo/term/GO:0006796","0.00398367311973"
"monosaccharide metabolic process","225","GO:0005996","http://amigo.geneontology.org/amigo/term/GO:0005996","0.00398855460037"
"biological regulation","11095","GO:0065007","http://amigo.geneontology.org/amigo/term/GO:0065007","0.00435658621485"
"protein folding in endoplasmic reticulum","9","GO:0034975","http://amigo.geneontology.org/amigo/term/GO:0034975","0.00471646652887"
"vesicle targeting, to, from or within Golgi","28","GO:0048199","http://amigo.geneontology.org/amigo/term/GO:0048199","0.00545398276256"
"toxin transport","42","GO:1901998","http://amigo.geneontology.org/amigo/term/GO:1901998","0.00661739905594"
"localization within membrane","43","GO:0051668","http://amigo.geneontology.org/amigo/term/GO:0051668","0.00787130107805"
"error-free translesion synthesis","19","GO:0070987","http://amigo.geneontology.org/amigo/term/GO:0070987","0.00909645618624"
"posttranscriptional regulation of gene expression","356","GO:0010608","http://amigo.geneontology.org/amigo/term/GO:0010608","0.00993081708119"
"establishment of organelle localization","297","GO:0051656","http://amigo.geneontology.org/amigo/term/GO:0051656","0.0100187818439"
"positive regulation of RNA polymerase II transcriptional preinitiation complex assembly","11","GO:0045899","http://amigo.geneontology.org/amigo/term/GO:0045899","0.0125095174125"
"ribosomal small subunit biogenesis","47","GO:0042274","http://amigo.geneontology.org/amigo/term/GO:0042274","0.0151187480983"
"sperm-egg recognition","47","GO:0035036","http://amigo.geneontology.org/amigo/term/GO:0035036","0.0151187480983"
"mesenchyme migration","5","GO:0090131","http://amigo.geneontology.org/amigo/term/GO:0090131","0.0156938125167"
"cofactor metabolic process","308","GO:0051186","http://amigo.geneontology.org/amigo/term/GO:0051186","0.0168934603932"
"purine ribonucleoside triphosphate biosynthetic process","49","GO:0009206","http://amigo.geneontology.org/amigo/term/GO:0009206","0.0204892020919"
"carbohydrate biosynthetic process","128","GO:0016051","http://amigo.geneontology.org/amigo/term/GO:0016051","0.0225715658185"
"ribonucleoside biosynthetic process","106","GO:0042455","http://amigo.geneontology.org/amigo/term/GO:0042455","0.0226050239471"
"single-organism membrane budding","35","GO:1902591","http://amigo.geneontology.org/amigo/term/GO:1902591","0.0234903223265"
"purine nucleoside triphosphate biosynthetic process","50","GO:0009145","http://amigo.geneontology.org/amigo/term/GO:0009145","0.0237317503195"
"purine-containing compound metabolic process","377","GO:0072521","http://amigo.geneontology.org/amigo/term/GO:0072521","0.0239771546137"
"regulation of nitrogen compound metabolic process","3947","GO:0051171","http://amigo.geneontology.org/amigo/term/GO:0051171","0.0240388790974"
"cell activation","647","GO:0001775","http://amigo.geneontology.org/amigo/term/GO:0001775","0.0242073578375"
"regulation of cellular process","10096","GO:0050794","http://amigo.geneontology.org/amigo/term/GO:0050794","0.0259766899941"
"regulation of translation","288","GO:0006417","http://amigo.geneontology.org/amigo/term/GO:0006417","0.0261801605563"
"membrane budding","68","GO:0006900","http://amigo.geneontology.org/amigo/term/GO:0006900","0.026569253366"
"multi-organism localization","36","GO:1902579","http://amigo.geneontology.org/amigo/term/GO:1902579","0.0281982391459"
"multi-organism transport","36","GO:0044766","http://amigo.geneontology.org/amigo/term/GO:0044766","0.0281982391459"
"regulation of RNA splicing","88","GO:0043484","http://amigo.geneontology.org/amigo/term/GO:0043484","0.0290963400474"
"nucleocytoplasmic transport","234","GO:0006913","http://amigo.geneontology.org/amigo/term/GO:0006913","0.0303451680578"
"regulation of biological quality","3136","GO:0065008","http://amigo.geneontology.org/amigo/term/GO:0065008","0.0324905024464"
"response to abiotic stimulus","1118","GO:0009628","http://amigo.geneontology.org/amigo/term/GO:0009628","0.0330576747688"
"spliceosomal snRNP assembly","37","GO:0000387","http://amigo.geneontology.org/amigo/term/GO:0000387","0.0336674115047"
"platelet activation","236","GO:0030168","http://amigo.geneontology.org/amigo/term/GO:0030168","0.0337270014993"
"cellular protein complex assembly","294","GO:0043623","http://amigo.geneontology.org/amigo/term/GO:0043623","0.0346173238435"
"pyridine nucleotide metabolic process","91","GO:0019362","http://amigo.geneontology.org/amigo/term/GO:0019362","0.0389010158151"
"nicotinamide nucleotide metabolic process","91","GO:0046496","http://amigo.geneontology.org/amigo/term/GO:0046496","0.0389010158151"
"nuclear transport","239","GO:0051169","http://amigo.geneontology.org/amigo/term/GO:0051169","0.0394347131492"
"regulation of RNA polymerase II transcriptional preinitiation complex assembly","14","GO:0045898","http://amigo.geneontology.org/amigo/term/GO:0045898","0.0400630230388"
"regulation of catalytic activity","2173","GO:0050790","http://amigo.geneontology.org/amigo/term/GO:0050790","0.0452737864325"
"single-organism organelle organization","1949","GO:1902589","http://amigo.geneontology.org/amigo/term/GO:1902589","0.0467150657614"
"vesicle coating","39","GO:0006901","http://amigo.geneontology.org/amigo/term/GO:0006901","0.0472759586525"
"nucleoside biosynthetic process","115","GO:0009163","http://amigo.geneontology.org/amigo/term/GO:0009163","0.0483944576961"
"glycosyl compound biosynthetic process","116","GO:1901659","http://amigo.geneontology.org/amigo/term/GO:1901659","0.0524367444037"
"NAD metabolic process","56","GO:0019674","http://amigo.geneontology.org/amigo/term/GO:0019674","0.0537993100895"
"ribose phosphate biosynthetic process","140","GO:0046390","http://amigo.geneontology.org/amigo/term/GO:0046390","0.0552001379644"
"ribonucleoside monophosphate biosynthetic process","75","GO:0009156","http://amigo.geneontology.org/amigo/term/GO:0009156","0.0578446282907"
"vesicle targeting","41","GO:0006903","http://amigo.geneontology.org/amigo/term/GO:0006903","0.0651734943726"
"retrograde protein transport, ER to cytosol","16","GO:0030970","http://amigo.geneontology.org/amigo/term/GO:0030970","0.0759624850149"
"single-organism biosynthetic process","1329","GO:0044711","http://amigo.geneontology.org/amigo/term/GO:0044711","0.0824953626049"
"sensory perception","945","GO:0007600","http://amigo.geneontology.org/amigo/term/GO:0007600","0.0850425065161"
"cell-cell recognition","60","GO:0009988","http://amigo.geneontology.org/amigo/term/GO:0009988","0.0880993994896"
"glycolytic process","43","GO:0006096","http://amigo.geneontology.org/amigo/term/GO:0006096","0.0883618151492"
"neurological system process","1277","GO:0050877","http://amigo.geneontology.org/amigo/term/GO:0050877","0.0921802775313"
"organophosphate biosynthetic process","446","GO:0090407","http://amigo.geneontology.org/amigo/term/GO:0090407","0.0924089671068"
"circadian rhythm","148","GO:0007623","http://amigo.geneontology.org/amigo/term/GO:0007623","0.0953146157139"
"protein exit from endoplasmic reticulum","17","GO:0032527","http://amigo.geneontology.org/amigo/term/GO:0032527","0.10143671309"
"ATP generation from ADP","44","GO:0006757","http://amigo.geneontology.org/amigo/term/GO:0006757","0.102295603581"
"cellular response to heat","102","GO:0034605","http://amigo.geneontology.org/amigo/term/GO:0034605","0.10333204998"
"nucleotide biosynthetic process","203","GO:0009165","http://amigo.geneontology.org/amigo/term/GO:0009165","0.110564337884"
"purine ribonucleoside monophosphate biosynthetic process","62","GO:0009168","http://amigo.geneontology.org/amigo/term/GO:0009168","0.111211157328"
"purine nucleoside monophosphate biosynthetic process","62","GO:0009127","http://amigo.geneontology.org/amigo/term/GO:0009127","0.111211157328"
"response to heat","151","GO:0009408","http://amigo.geneontology.org/amigo/term/GO:0009408","0.115906182304"
"nucleoside monophosphate biosynthetic process","82","GO:0009124","http://amigo.geneontology.org/amigo/term/GO:0009124","0.116410679508"
"rhythmic process","292","GO:0048511","http://amigo.geneontology.org/amigo/term/GO:0048511","0.120389486021"
"G1 phase","30","GO:0051318","http://amigo.geneontology.org/amigo/term/GO:0051318","0.120467572009"
"mitotic G1 phase","30","GO:0000080","http://amigo.geneontology.org/amigo/term/GO:0000080","0.120467572009"
"regulation of multi-organism process","455","GO:0043900","http://amigo.geneontology.org/amigo/term/GO:0043900","0.124921196983"
"protein glycosylation","293","GO:0006486","http://amigo.geneontology.org/amigo/term/GO:0006486","0.125660913918"
"macromolecule glycosylation","293","GO:0043413","http://amigo.geneontology.org/amigo/term/GO:0043413","0.125660913918"
"nucleoside phosphate biosynthetic process","206","GO:1901293","http://amigo.geneontology.org/amigo/term/GO:1901293","0.129731909437"
"oxidoreduction coenzyme metabolic process","105","GO:0006733","http://amigo.geneontology.org/amigo/term/GO:0006733","0.132036151181"
"positive regulation of transcription initiation from RNA polymerase II promoter","18","GO:0060261","http://amigo.geneontology.org/amigo/term/GO:0060261","0.133127173355"
"substantia nigra development","46","GO:0021762","http://amigo.geneontology.org/amigo/term/GO:0021762","0.135644698692"
"pyridine-containing compound metabolic process","106","GO:0072524","http://amigo.geneontology.org/amigo/term/GO:0072524","0.143015207334"
"energy reserve metabolic process","155","GO:0006112","http://amigo.geneontology.org/amigo/term/GO:0006112","0.14934481377"
"mitochondrial ATP synthesis coupled proton transport","19","GO:0042776","http://amigo.geneontology.org/amigo/term/GO:0042776","0.172039485598"
"multi-organism intracellular transport","32","GO:1902583","http://amigo.geneontology.org/amigo/term/GO:1902583","0.17245027361"
"intracellular transport of virus","32","GO:0075733","http://amigo.geneontology.org/amigo/term/GO:0075733","0.17245027361"
"acyl-CoA metabolic process","66","GO:0006637","http://amigo.geneontology.org/amigo/term/GO:0006637","0.172935285947"
"thioester metabolic process","66","GO:0035383","http://amigo.geneontology.org/amigo/term/GO:0035383","0.172935285947"
"regulation of protein stability","184","GO:0031647","http://amigo.geneontology.org/amigo/term/GO:0031647","0.17418994554"
"glycosylation","301","GO:0070085","http://amigo.geneontology.org/amigo/term/GO:0070085","0.175814187269"
"chaperone-mediated protein folding","48","GO:0061077","http://amigo.geneontology.org/amigo/term/GO:0061077","0.177501505204"
"response to temperature stimulus","213","GO:0009266","http://amigo.geneontology.org/amigo/term/GO:0009266","0.186258301695"
"transmembrane transport","1166","GO:0055085","http://amigo.geneontology.org/amigo/term/GO:0055085","0.199055720085"
"translesion synthesis","49","GO:0019985","http://amigo.geneontology.org/amigo/term/GO:0019985","0.202113694082"
"organelle localization","369","GO:0051640","http://amigo.geneontology.org/amigo/term/GO:0051640","0.20567416221"
"positive regulation of cellular component organization","1129","GO:0051130","http://amigo.geneontology.org/amigo/term/GO:0051130","0.21763738131"
"error-prone translesion synthesis","20","GO:0042276","http://amigo.geneontology.org/amigo/term/GO:0042276","0.219264530227"
"ribonucleotide biosynthetic process","136","GO:0009260","http://amigo.geneontology.org/amigo/term/GO:0009260","0.223473509751"
"positive regulation of organelle organization","617","GO:0010638","http://amigo.geneontology.org/amigo/term/GO:0010638","0.223616466051"
"regulation of body fluid levels","657","GO:0050878","http://amigo.geneontology.org/amigo/term/GO:0050878","0.240389168537"
"NADH metabolic process","34","GO:0006734","http://amigo.geneontology.org/amigo/term/GO:0006734","0.241138221621"
"regulation of mRNA processing","91","GO:0050684","http://amigo.geneontology.org/amigo/term/GO:0050684","0.260132030493"
"hydrogen ion transmembrane transport","114","GO:1902600","http://amigo.geneontology.org/amigo/term/GO:1902600","0.262778278958"
"purine ribonucleoside biosynthetic process","92","GO:0046129","http://amigo.geneontology.org/amigo/term/GO:0046129","0.282806249925"
"purine nucleoside biosynthetic process","92","GO:0042451","http://amigo.geneontology.org/amigo/term/GO:0042451","0.282806249925"
"DNA damage response, detection of DNA damage","35","GO:0042769","http://amigo.geneontology.org/amigo/term/GO:0042769","0.282890118978"
"transport of virus","35","GO:0046794","http://amigo.geneontology.org/amigo/term/GO:0046794","0.282890118978"
"regulation of cellular response to heat","71","GO:1900034","http://amigo.geneontology.org/amigo/term/GO:1900034","0.288251201974"
"peptidyl-amino acid modification","858","GO:0018193","http://amigo.geneontology.org/amigo/term/GO:0018193","0.288675613202"
"ADP metabolic process","52","GO:0046031","http://amigo.geneontology.org/amigo/term/GO:0046031","0.293348922667"
"regulation of establishment of protein localization","780","GO:0070201","http://amigo.geneontology.org/amigo/term/GO:0070201","0.293375193148"
"cellular response to organic substance","1849","GO:0071310","http://amigo.geneontology.org/amigo/term/GO:0071310","0.311163876318"
"regulation of molecular function","2645","GO:0065009","http://amigo.geneontology.org/amigo/term/GO:0065009","0.313876843588"
"pyruvate metabolic process","72","GO:0006090","http://amigo.geneontology.org/amigo/term/GO:0006090","0.317689015972"
"antigen processing and presentation of endogenous peptide antigen via MHC class I","11","GO:0019885","http://amigo.geneontology.org/amigo/term/GO:0019885","0.33916722464"
"regulation of cellular response to stress","560","GO:0080135","http://amigo.geneontology.org/amigo/term/GO:0080135","0.35039433131"
"cellular response to chemical stimulus","2275","GO:0070887","http://amigo.geneontology.org/amigo/term/GO:0070887","0.356152880441"
"cellular response to topologically incorrect protein","119","GO:0035967","http://amigo.geneontology.org/amigo/term/GO:0035967","0.37468981151"
"regulation of cellular component organization","2139","GO:0051128","http://amigo.geneontology.org/amigo/term/GO:0051128","0.377287271335"
"single-organism catabolic process","874","GO:0044712","http://amigo.geneontology.org/amigo/term/GO:0044712","0.407780218528"
"regulation of mRNA splicing, via spliceosome","55","GO:0048024","http://amigo.geneontology.org/amigo/term/GO:0048024","0.415959159766"
"regulation of transcription initiation from RNA polymerase II promoter","23","GO:0060260","http://amigo.geneontology.org/amigo/term/GO:0060260","0.42300593024"
"endoplasmic reticulum to cytosol transport","23","GO:1903513","http://amigo.geneontology.org/amigo/term/GO:1903513","0.42300593024"
"rRNA processing","147","GO:0006364","http://amigo.geneontology.org/amigo/term/GO:0006364","0.445896624456"
"post-translational protein modification","325","GO:0043687","http://amigo.geneontology.org/amigo/term/GO:0043687","0.449211099277"
"antigen processing and presentation of endogenous peptide antigen","12","GO:0002483","http://amigo.geneontology.org/amigo/term/GO:0002483","0.473963551984"
"viral protein processing","12","GO:0019082","http://amigo.geneontology.org/amigo/term/GO:0019082","0.473963551984"
"organelle assembly","428","GO:0070925","http://amigo.geneontology.org/amigo/term/GO:0070925","0.480879679879"
