"M2 (Flu) / VPR (Jurkat) biological_process Ontology, dist <= 1","","","",""
"Label","REF","ID","URL","p-value"
"UNCLASSIFIED","4289","","","0"
"multi-organism cellular process","678","GO:0044764","http://amigo.geneontology.org/amigo/term/GO:0044764","3.65205419952e-112"
"viral process","673","GO:0016032","http://amigo.geneontology.org/amigo/term/GO:0016032","1.7632817406e-111"
"interspecies interaction between organisms","749","GO:0044419","http://amigo.geneontology.org/amigo/term/GO:0044419","8.47491934097e-108"
"symbiosis, encompassing mutualism through parasitism","749","GO:0044403","http://amigo.geneontology.org/amigo/term/GO:0044403","8.47491934097e-108"
"mRNA metabolic process","562","GO:0016071","http://amigo.geneontology.org/amigo/term/GO:0016071","1.57512783376e-107"
"SRP-dependent cotranslational protein targeting to membrane","109","GO:0006614","http://amigo.geneontology.org/amigo/term/GO:0006614","1.55058440557e-80"
"viral gene expression","121","GO:0019080","http://amigo.geneontology.org/amigo/term/GO:0019080","3.34696402459e-80"
"viral transcription","111","GO:0019083","http://amigo.geneontology.org/amigo/term/GO:0019083","5.93541891054e-80"
"cotranslational protein targeting to membrane","112","GO:0006613","http://amigo.geneontology.org/amigo/term/GO:0006613","1.15049796026e-79"
"protein targeting to ER","113","GO:0045047","http://amigo.geneontology.org/amigo/term/GO:0045047","2.2166064771e-79"
"multi-organism metabolic process","127","GO:0044033","http://amigo.geneontology.org/amigo/term/GO:0044033","1.29643550152e-78"
"establishment of protein localization to endoplasmic reticulum","117","GO:0072599","http://amigo.geneontology.org/amigo/term/GO:0072599","2.88065766801e-78"
"nuclear-transcribed mRNA catabolic process, nonsense-mediated decay","118","GO:0000184","http://amigo.geneontology.org/amigo/term/GO:0000184","5.39271640927e-78"
"cellular macromolecule metabolic process","6571","GO:0044260","http://amigo.geneontology.org/amigo/term/GO:0044260","7.33368466702e-78"
"cellular metabolic process","8461","GO:0044237","http://amigo.geneontology.org/amigo/term/GO:0044237","8.18885535938e-78"
"cellular macromolecule catabolic process","761","GO:0044265","http://amigo.geneontology.org/amigo/term/GO:0044265","1.50152439739e-75"
"protein localization to endoplasmic reticulum","136","GO:0070972","http://amigo.geneontology.org/amigo/term/GO:0070972","6.49191028182e-75"
"viral life cycle","241","GO:0019058","http://amigo.geneontology.org/amigo/term/GO:0019058","7.22984772397e-73"
"cellular protein metabolic process","3375","GO:0044267","http://amigo.geneontology.org/amigo/term/GO:0044267","3.74315545576e-70"
"macromolecule metabolic process","7257","GO:0043170","http://amigo.geneontology.org/amigo/term/GO:0043170","3.76612717704e-70"
"nuclear-transcribed mRNA catabolic process","180","GO:0000956","http://amigo.geneontology.org/amigo/term/GO:0000956","6.0840721183e-70"
"mRNA catabolic process","192","GO:0006402","http://amigo.geneontology.org/amigo/term/GO:0006402","3.96298865342e-69"
"primary metabolic process","8563","GO:0044238","http://amigo.geneontology.org/amigo/term/GO:0044238","9.60785276124e-69"
"macromolecule catabolic process","895","GO:0009057","http://amigo.geneontology.org/amigo/term/GO:0009057","8.60005090428e-68"
"metabolic process","9836","GO:0008152","http://amigo.geneontology.org/amigo/term/GO:0008152","3.25173545978e-67"
"RNA catabolic process","221","GO:0006401","http://amigo.geneontology.org/amigo/term/GO:0006401","5.64057997686e-67"
"organic substance metabolic process","8883","GO:0071704","http://amigo.geneontology.org/amigo/term/GO:0071704","1.49466746455e-66"
"protein targeting to membrane","186","GO:0006612","http://amigo.geneontology.org/amigo/term/GO:0006612","3.40865651778e-66"
"translation","393","GO:0006412","http://amigo.geneontology.org/amigo/term/GO:0006412","5.24144337766e-66"
"translational elongation","200","GO:0006414","http://amigo.geneontology.org/amigo/term/GO:0006414","7.42630986627e-64"
"translational initiation","228","GO:0006413","http://amigo.geneontology.org/amigo/term/GO:0006413","2.16902297511e-63"
"gene expression","3807","GO:0010467","http://amigo.geneontology.org/amigo/term/GO:0010467","3.88827188213e-62"
"establishment of protein localization to membrane","272","GO:0090150","http://amigo.geneontology.org/amigo/term/GO:0090150","4.07479893846e-61"
"translational termination","171","GO:0006415","http://amigo.geneontology.org/amigo/term/GO:0006415","7.15881693245e-61"
"multi-organism process","2165","GO:0051704","http://amigo.geneontology.org/amigo/term/GO:0051704","5.87799549675e-60"
"cytoplasmic transport","703","GO:0016482","http://amigo.geneontology.org/amigo/term/GO:0016482","9.2107374133e-60"
"establishment of protein localization to organelle","347","GO:0072594","http://amigo.geneontology.org/amigo/term/GO:0072594","1.65315567426e-59"
"macromolecular complex subunit organization","2048","GO:0043933","http://amigo.geneontology.org/amigo/term/GO:0043933","3.10646419176e-59"
"protein metabolic process","4043","GO:0019538","http://amigo.geneontology.org/amigo/term/GO:0019538","8.70920837593e-59"
"cellular protein complex disassembly","200","GO:0043624","http://amigo.geneontology.org/amigo/term/GO:0043624","9.65957303844e-59"
"single-organism intracellular transport","1159","GO:1902582","http://amigo.geneontology.org/amigo/term/GO:1902582","2.11367137888e-58"
"cellular nitrogen compound metabolic process","4895","GO:0034641","http://amigo.geneontology.org/amigo/term/GO:0034641","1.37938372673e-57"
"macromolecular complex disassembly","228","GO:0032984","http://amigo.geneontology.org/amigo/term/GO:0032984","3.34567003401e-57"
"protein complex disassembly","220","GO:0043241","http://amigo.geneontology.org/amigo/term/GO:0043241","4.44694957161e-57"
"intracellular transport","1348","GO:0046907","http://amigo.geneontology.org/amigo/term/GO:0046907","3.77579550209e-55"
"organic substance catabolic process","1497","GO:1901575","http://amigo.geneontology.org/amigo/term/GO:1901575","7.72054186754e-55"
"protein targeting","422","GO:0006605","http://amigo.geneontology.org/amigo/term/GO:0006605","1.40657183821e-54"
"nucleobase-containing compound catabolic process","342","GO:0034655","http://amigo.geneontology.org/amigo/term/GO:0034655","1.86813838308e-54"
"cellular catabolic process","1408","GO:0044248","http://amigo.geneontology.org/amigo/term/GO:0044248","2.41959580611e-54"
"cellular process","14118","GO:0009987","http://amigo.geneontology.org/amigo/term/GO:0009987","5.21814466673e-54"
"nitrogen compound metabolic process","5263","GO:0006807","http://amigo.geneontology.org/amigo/term/GO:0006807","4.04855537642e-53"
"protein localization to membrane","387","GO:0072657","http://amigo.geneontology.org/amigo/term/GO:0072657","2.22547026052e-52"
"membrane organization","870","GO:0061024","http://amigo.geneontology.org/amigo/term/GO:0061024","6.52996573359e-52"
"intracellular protein transport","727","GO:0006886","http://amigo.geneontology.org/amigo/term/GO:0006886","9.49318820856e-52"
"protein localization to organelle","524","GO:0033365","http://amigo.geneontology.org/amigo/term/GO:0033365","1.20434645656e-50"
"cellular nitrogen compound catabolic process","383","GO:0044270","http://amigo.geneontology.org/amigo/term/GO:0044270","1.26518752013e-50"
"heterocycle catabolic process","383","GO:0046700","http://amigo.geneontology.org/amigo/term/GO:0046700","1.26518752013e-50"
"aromatic compound catabolic process","393","GO:0019439","http://amigo.geneontology.org/amigo/term/GO:0019439","9.29871671718e-50"
"catabolic process","1723","GO:0009056","http://amigo.geneontology.org/amigo/term/GO:0009056","4.05924728165e-49"
"single-organism membrane organization","706","GO:0044802","http://amigo.geneontology.org/amigo/term/GO:0044802","1.91598819833e-48"
"organic cyclic compound catabolic process","424","GO:1901361","http://amigo.geneontology.org/amigo/term/GO:1901361","3.14848872167e-48"
"single-organism cellular localization","844","GO:1902580","http://amigo.geneontology.org/amigo/term/GO:1902580","3.33988774196e-47"
"establishment of localization in cell","1808","GO:0051649","http://amigo.geneontology.org/amigo/term/GO:0051649","4.06242361366e-47"
"nucleobase-containing compound metabolic process","4360","GO:0006139","http://amigo.geneontology.org/amigo/term/GO:0006139","4.16170375784e-47"
"protein complex subunit organization","1396","GO:0071822","http://amigo.geneontology.org/amigo/term/GO:0071822","4.63352642533e-47"
"nucleic acid metabolic process","3866","GO:0090304","http://amigo.geneontology.org/amigo/term/GO:0090304","8.31932912976e-46"
"heterocycle metabolic process","4561","GO:0046483","http://amigo.geneontology.org/amigo/term/GO:0046483","1.44859305334e-44"
"cellular component disassembly","492","GO:0022411","http://amigo.geneontology.org/amigo/term/GO:0022411","3.3491568263e-44"
"cellular component organization","4920","GO:0016043","http://amigo.geneontology.org/amigo/term/GO:0016043","4.6426412301e-44"
"cellular localization","2176","GO:0051641","http://amigo.geneontology.org/amigo/term/GO:0051641","4.94030946361e-44"
"cellular aromatic compound metabolic process","4563","GO:0006725","http://amigo.geneontology.org/amigo/term/GO:0006725","6.10083254543e-44"
"cellular protein localization","1150","GO:0034613","http://amigo.geneontology.org/amigo/term/GO:0034613","2.07748867375e-43"
"RNA splicing, via transesterification reactions","225","GO:0000375","http://amigo.geneontology.org/amigo/term/GO:0000375","2.14397339186e-43"
"cellular macromolecule localization","1158","GO:0070727","http://amigo.geneontology.org/amigo/term/GO:0070727","4.26432260565e-43"
"mRNA splicing, via spliceosome","222","GO:0000398","http://amigo.geneontology.org/amigo/term/GO:0000398","1.34082498876e-42"
"RNA splicing, via transesterification reactions with bulged adenosine as nucleophile","222","GO:0000377","http://amigo.geneontology.org/amigo/term/GO:0000377","1.34082498876e-42"
"cellular component organization or biogenesis","5042","GO:0071840","http://amigo.geneontology.org/amigo/term/GO:0071840","1.50505525541e-42"
"RNA splicing","337","GO:0008380","http://amigo.geneontology.org/amigo/term/GO:0008380","3.94164566647e-42"
"organic cyclic compound metabolic process","4806","GO:1901360","http://amigo.geneontology.org/amigo/term/GO:1901360","5.49244729018e-42"
"RNA metabolic process","3366","GO:0016070","http://amigo.geneontology.org/amigo/term/GO:0016070","1.11361647177e-39"
"RNA processing","703","GO:0006396","http://amigo.geneontology.org/amigo/term/GO:0006396","3.23037231863e-38"
"mRNA processing","394","GO:0006397","http://amigo.geneontology.org/amigo/term/GO:0006397","1.12616933145e-37"
"establishment of protein localization","1304","GO:0045184","http://amigo.geneontology.org/amigo/term/GO:0045184","2.06591670597e-36"
"macromolecule localization","2022","GO:0033036","http://amigo.geneontology.org/amigo/term/GO:0033036","2.14451437098e-36"
"biological_process","16525","GO:0008150","http://amigo.geneontology.org/amigo/term/GO:0008150","2.92541768187e-36"
"protein transport","1222","GO:0015031","http://amigo.geneontology.org/amigo/term/GO:0015031","1.27779891416e-35"
"cellular macromolecular complex assembly","590","GO:0034622","http://amigo.geneontology.org/amigo/term/GO:0034622","9.69615261521e-35"
"ribonucleoprotein complex subunit organization","179","GO:0071826","http://amigo.geneontology.org/amigo/term/GO:0071826","6.56319318738e-34"
"ribonucleoprotein complex assembly","170","GO:0022618","http://amigo.geneontology.org/amigo/term/GO:0022618","8.02202587236e-34"
"ribonucleoprotein complex biogenesis","334","GO:0022613","http://amigo.geneontology.org/amigo/term/GO:0022613","2.20671310657e-33"
"protein localization","1699","GO:0008104","http://amigo.geneontology.org/amigo/term/GO:0008104","8.94554310517e-33"
"cell cycle phase transition","310","GO:0044770","http://amigo.geneontology.org/amigo/term/GO:0044770","2.42987551175e-30"
"cellular component biogenesis","1956","GO:0044085","http://amigo.geneontology.org/amigo/term/GO:0044085","4.65205815119e-30"
"mitotic cell cycle phase transition","306","GO:0044772","http://amigo.geneontology.org/amigo/term/GO:0044772","1.12275261209e-29"
"macromolecular complex assembly","1156","GO:0065003","http://amigo.geneontology.org/amigo/term/GO:0065003","1.74817820107e-29"
"signal transduction involved in mitotic G1 DNA damage checkpoint","68","GO:0072431","http://amigo.geneontology.org/amigo/term/GO:0072431","1.81386980278e-29"
"intracellular signal transduction involved in G1 DNA damage checkpoint","68","GO:1902400","http://amigo.geneontology.org/amigo/term/GO:1902400","1.81386980278e-29"
"signal transduction involved in mitotic cell cycle checkpoint","69","GO:0072413","http://amigo.geneontology.org/amigo/term/GO:0072413","2.91669452939e-29"
"signal transduction involved in mitotic DNA integrity checkpoint","69","GO:1902403","http://amigo.geneontology.org/amigo/term/GO:1902403","2.91669452939e-29"
"signal transduction involved in mitotic DNA damage checkpoint","69","GO:1902402","http://amigo.geneontology.org/amigo/term/GO:1902402","2.91669452939e-29"
"organic substance transport","1897","GO:0071702","http://amigo.geneontology.org/amigo/term/GO:0071702","4.49381280106e-29"
"signal transduction involved in DNA damage checkpoint","71","GO:0072422","http://amigo.geneontology.org/amigo/term/GO:0072422","7.38316395016e-29"
"signal transduction involved in DNA integrity checkpoint","71","GO:0072401","http://amigo.geneontology.org/amigo/term/GO:0072401","7.38316395016e-29"
"signal transduction involved in cell cycle checkpoint","72","GO:0072395","http://amigo.geneontology.org/amigo/term/GO:0072395","1.16273714257e-28"
"positive regulation of ubiquitin-protein ligase activity involved in regulation of mitotic cell cycle transition","72","GO:0051437","http://amigo.geneontology.org/amigo/term/GO:0051437","1.16273714257e-28"
"DNA damage response, signal transduction by p53 class mediator resulting in cell cycle arrest","67","GO:0006977","http://amigo.geneontology.org/amigo/term/GO:0006977","2.5776544657e-28"
"antigen processing and presentation of exogenous peptide antigen via MHC class I, TAP-dependent","75","GO:0002479","http://amigo.geneontology.org/amigo/term/GO:0002479","4.36930251924e-28"
"anaphase-promoting complex-dependent proteasomal ubiquitin-dependent protein catabolic process","83","GO:0031145","http://amigo.geneontology.org/amigo/term/GO:0031145","6.02985052711e-28"
"mitotic G1 DNA damage checkpoint","77","GO:0031571","http://amigo.geneontology.org/amigo/term/GO:0031571","1.02434801226e-27"
"mitotic G1/S transition checkpoint","78","GO:0044819","http://amigo.geneontology.org/amigo/term/GO:0044819","1.55487627657e-27"
"G1 DNA damage checkpoint","78","GO:0044783","http://amigo.geneontology.org/amigo/term/GO:0044783","1.55487627657e-27"
"stimulatory C-type lectin receptor signaling pathway","119","GO:0002223","http://amigo.geneontology.org/amigo/term/GO:0002223","1.96145558789e-27"
"antigen processing and presentation of exogenous peptide antigen via MHC class I","79","GO:0042590","http://amigo.geneontology.org/amigo/term/GO:0042590","2.34701933237e-27"
"innate immune response activating cell surface receptor signaling pathway","122","GO:0002220","http://amigo.geneontology.org/amigo/term/GO:0002220","4.85942610618e-27"
"negative regulation of ubiquitin-protein ligase activity involved in mitotic cell cycle","81","GO:0051436","http://amigo.geneontology.org/amigo/term/GO:0051436","5.26160053527e-27"
"positive regulation of ubiquitin-protein transferase activity","89","GO:0051443","http://amigo.geneontology.org/amigo/term/GO:0051443","6.10352370848e-27"
"regulation of ubiquitin-protein ligase activity involved in mitotic cell cycle","91","GO:0051439","http://amigo.geneontology.org/amigo/term/GO:0051439","1.27300287386e-26"
"mitotic DNA damage checkpoint","101","GO:0044773","http://amigo.geneontology.org/amigo/term/GO:0044773","2.43655686654e-26"
"positive regulation of protein ubiquitination involved in ubiquitin-dependent protein catabolic process","86","GO:2000060","http://amigo.geneontology.org/amigo/term/GO:2000060","3.62367537978e-26"
"positive regulation of ligase activity","94","GO:0051351","http://amigo.geneontology.org/amigo/term/GO:0051351","3.71559976777e-26"
"anaphase","160","GO:0051322","http://amigo.geneontology.org/amigo/term/GO:0051322","5.21010357643e-26"
"mitotic anaphase","160","GO:0000090","http://amigo.geneontology.org/amigo/term/GO:0000090","5.21010357643e-26"
"negative regulation of ubiquitin-protein transferase activity","88","GO:0051444","http://amigo.geneontology.org/amigo/term/GO:0051444","7.58649021585e-26"
"cellular component assembly","1788","GO:0022607","http://amigo.geneontology.org/amigo/term/GO:0022607","9.01459896126e-26"
"negative regulation of ligase activity","89","GO:0051352","http://amigo.geneontology.org/amigo/term/GO:0051352","1.09044545723e-25"
"establishment of localization","3844","GO:0051234","http://amigo.geneontology.org/amigo/term/GO:0051234","1.54653813565e-25"
"mitotic DNA integrity checkpoint","107","GO:0044774","http://amigo.geneontology.org/amigo/term/GO:0044774","1.7116898431e-25"
"mitotic cell cycle","786","GO:0000278","http://amigo.geneontology.org/amigo/term/GO:0000278","2.19122737975e-25"
"transport","3738","GO:0006810","http://amigo.geneontology.org/amigo/term/GO:0006810","3.21595441078e-25"
"cell cycle G1/S phase transition","172","GO:0044843","http://amigo.geneontology.org/amigo/term/GO:0044843","8.42482017678e-25"
"G1/S transition of mitotic cell cycle","172","GO:0000082","http://amigo.geneontology.org/amigo/term/GO:0000082","8.42482017678e-25"
"regulation of protein ubiquitination involved in ubiquitin-dependent protein catabolic process","95","GO:2000058","http://amigo.geneontology.org/amigo/term/GO:2000058","8.81501443129e-25"
"positive regulation of cell cycle arrest","88","GO:0071158","http://amigo.geneontology.org/amigo/term/GO:0071158","1.32889532054e-24"
"mitotic M phase","221","GO:0000087","http://amigo.geneontology.org/amigo/term/GO:0000087","1.49397378465e-24"
"M phase","223","GO:0000279","http://amigo.geneontology.org/amigo/term/GO:0000279","2.16769699863e-24"
"DNA damage response, signal transduction by p53 class mediator","90","GO:0030330","http://amigo.geneontology.org/amigo/term/GO:0030330","2.67282140175e-24"
"mitotic S phase","117","GO:0000084","http://amigo.geneontology.org/amigo/term/GO:0000084","3.44838006234e-24"
"regulation of G1/S transition of mitotic cell cycle","137","GO:2000045","http://amigo.geneontology.org/amigo/term/GO:2000045","4.23492995316e-24"
"S phase","119","GO:0051320","http://amigo.geneontology.org/amigo/term/GO:0051320","6.08239317371e-24"
"macromolecule biosynthetic process","3638","GO:0009059","http://amigo.geneontology.org/amigo/term/GO:0009059","7.07972218613e-24"
"regulation of ubiquitin-protein transferase activity","120","GO:0051438","http://amigo.geneontology.org/amigo/term/GO:0051438","8.04707824389e-24"
"mitotic cell cycle process","716","GO:1903047","http://amigo.geneontology.org/amigo/term/GO:1903047","1.08744823425e-23"
"negative regulation of G1/S transition of mitotic cell cycle","103","GO:2000134","http://amigo.geneontology.org/amigo/term/GO:2000134","1.16084515291e-23"
"mitotic interphase","131","GO:0051329","http://amigo.geneontology.org/amigo/term/GO:0051329","1.16230135503e-23"
"cellular biosynthetic process","4478","GO:0044249","http://amigo.geneontology.org/amigo/term/GO:0044249","1.56264874833e-23"
"antigen processing and presentation of peptide antigen via MHC class I","104","GO:0002474","http://amigo.geneontology.org/amigo/term/GO:0002474","1.57816383303e-23"
"interphase","133","GO:0051325","http://amigo.geneontology.org/amigo/term/GO:0051325","1.95105132301e-23"
"single-organism process","12720","GO:0044699","http://amigo.geneontology.org/amigo/term/GO:0044699","2.0652002609e-23"
"signal transduction in response to DNA damage","105","GO:0042770","http://amigo.geneontology.org/amigo/term/GO:0042770","2.13877139322e-23"
"regulation of cellular amino acid metabolic process","65","GO:0006521","http://amigo.geneontology.org/amigo/term/GO:0006521","2.2583273257e-23"
"regulation of cell cycle G1/S phase transition","144","GO:1902806","http://amigo.geneontology.org/amigo/term/GO:1902806","2.42372290181e-23"
"single-organism localization","3303","GO:1902578","http://amigo.geneontology.org/amigo/term/GO:1902578","2.76309812288e-23"
"negative regulation of cell cycle G1/S phase transition","106","GO:1902807","http://amigo.geneontology.org/amigo/term/GO:1902807","2.88959525635e-23"
"single-organism transport","3098","GO:0044765","http://amigo.geneontology.org/amigo/term/GO:0044765","3.74801589253e-23"
"nucleobase-containing compound biosynthetic process","2952","GO:0034654","http://amigo.geneontology.org/amigo/term/GO:0034654","4.35761433128e-23"
"mitotic cell cycle phase","294","GO:0098763","http://amigo.geneontology.org/amigo/term/GO:0098763","4.68340331498e-23"
"regulation of ligase activity","127","GO:0051340","http://amigo.geneontology.org/amigo/term/GO:0051340","5.33514510778e-23"
"cell cycle phase","296","GO:0022403","http://amigo.geneontology.org/amigo/term/GO:0022403","6.30280334159e-23"
"single-organism cellular process","11370","GO:0044763","http://amigo.geneontology.org/amigo/term/GO:0044763","7.57920202767e-23"
"antigen processing and presentation of exogenous peptide antigen","171","GO:0002478","http://amigo.geneontology.org/amigo/term/GO:0002478","8.371294679e-23"
"signal transduction by p53 class mediator","129","GO:0072331","http://amigo.geneontology.org/amigo/term/GO:0072331","8.97214500193e-23"
"organic substance biosynthetic process","4571","GO:1901576","http://amigo.geneontology.org/amigo/term/GO:1901576","9.40470388734e-23"
"biological phase","300","GO:0044848","http://amigo.geneontology.org/amigo/term/GO:0044848","1.13373934165e-22"
"positive regulation of canonical Wnt signaling pathway","130","GO:0090263","http://amigo.geneontology.org/amigo/term/GO:0090263","1.15972284535e-22"
"cellular macromolecule biosynthetic process","3564","GO:0034645","http://amigo.geneontology.org/amigo/term/GO:0034645","1.21646151993e-22"
"DNA damage checkpoint","143","GO:0000077","http://amigo.geneontology.org/amigo/term/GO:0000077","2.30441533763e-22"
"cell cycle","1297","GO:0007049","http://amigo.geneontology.org/amigo/term/GO:0007049","2.4495842946e-22"
"positive regulation of protein ubiquitination","165","GO:0031398","http://amigo.geneontology.org/amigo/term/GO:0031398","2.53028596756e-22"
"heterocycle biosynthetic process","3033","GO:0018130","http://amigo.geneontology.org/amigo/term/GO:0018130","2.85455160436e-22"
"aromatic compound biosynthetic process","3034","GO:0019438","http://amigo.geneontology.org/amigo/term/GO:0019438","2.95992687165e-22"
"mitotic cell cycle checkpoint","166","GO:0007093","http://amigo.geneontology.org/amigo/term/GO:0007093","3.13520790535e-22"
"immune response-activating cell surface receptor signaling pathway","293","GO:0002429","http://amigo.geneontology.org/amigo/term/GO:0002429","3.20576742785e-22"
"antigen processing and presentation of exogenous antigen","178","GO:0019884","http://amigo.geneontology.org/amigo/term/GO:0019884","3.59012900392e-22"
"positive regulation of protein modification by small protein conjugation or removal","178","GO:1903322","http://amigo.geneontology.org/amigo/term/GO:1903322","3.59012900392e-22"
"biosynthetic process","4657","GO:0009058","http://amigo.geneontology.org/amigo/term/GO:0009058","4.37225514891e-22"
"cell cycle checkpoint","255","GO:0000075","http://amigo.geneontology.org/amigo/term/GO:0000075","5.26587420284e-22"
"regulation of cell cycle arrest","111","GO:0071156","http://amigo.geneontology.org/amigo/term/GO:0071156","1.72709094154e-21"
"cellular nitrogen compound biosynthetic process","3116","GO:0044271","http://amigo.geneontology.org/amigo/term/GO:0044271","1.86847290053e-21"
"DNA integrity checkpoint","153","GO:0031570","http://amigo.geneontology.org/amigo/term/GO:0031570","2.27013865506e-21"
"antigen processing and presentation of peptide antigen","188","GO:0048002","http://amigo.geneontology.org/amigo/term/GO:0048002","2.58379869661e-21"
"negative regulation of protein modification by small protein conjugation or removal","134","GO:1903321","http://amigo.geneontology.org/amigo/term/GO:1903321","3.87236879035e-21"
"regulation of cellular amine metabolic process","87","GO:0033238","http://amigo.geneontology.org/amigo/term/GO:0033238","4.26087866788e-21"
"organic cyclic compound biosynthetic process","3164","GO:1901362","http://amigo.geneontology.org/amigo/term/GO:1901362","9.86978011641e-21"
"negative regulation of protein ubiquitination","128","GO:0031397","http://amigo.geneontology.org/amigo/term/GO:0031397","1.09931119499e-20"
"positive regulation of proteolysis involved in cellular protein catabolic process","161","GO:1903052","http://amigo.geneontology.org/amigo/term/GO:1903052","1.26148174261e-20"
"negative regulation of mitotic cell cycle phase transition","157","GO:1901991","http://amigo.geneontology.org/amigo/term/GO:1901991","5.81172690355e-20"
"modification-dependent protein catabolic process","447","GO:0019941","http://amigo.geneontology.org/amigo/term/GO:0019941","7.73562695916e-20"
"cellular response to stress","1680","GO:0033554","http://amigo.geneontology.org/amigo/term/GO:0033554","7.99469695617e-20"
"positive regulation of cellular protein catabolic process","173","GO:1903364","http://amigo.geneontology.org/amigo/term/GO:1903364","1.3956553791e-19"
"modification-dependent macromolecule catabolic process","453","GO:0043632","http://amigo.geneontology.org/amigo/term/GO:0043632","1.43979480102e-19"
"protein polyubiquitination","198","GO:0000209","http://amigo.geneontology.org/amigo/term/GO:0000209","1.5346412153e-19"
"positive regulation of Wnt signaling pathway","162","GO:0030177","http://amigo.geneontology.org/amigo/term/GO:0030177","1.61455509751e-19"
"ubiquitin-dependent protein catabolic process","439","GO:0006511","http://amigo.geneontology.org/amigo/term/GO:0006511","1.9904061638e-19"
"cell cycle process","1041","GO:0022402","http://amigo.geneontology.org/amigo/term/GO:0022402","2.11207027196e-19"
"negative regulation of canonical Wnt signaling pathway","152","GO:0090090","http://amigo.geneontology.org/amigo/term/GO:0090090","2.17090251044e-19"
"localization","4680","GO:0051179","http://amigo.geneontology.org/amigo/term/GO:0051179","2.85348832087e-19"
"positive regulation of cell cycle process","242","GO:0090068","http://amigo.geneontology.org/amigo/term/GO:0090068","3.22473406628e-19"
"RNA biosynthetic process","2671","GO:0032774","http://amigo.geneontology.org/amigo/term/GO:0032774","4.80392265618e-19"
"negative regulation of cell cycle phase transition","168","GO:1901988","http://amigo.geneontology.org/amigo/term/GO:1901988","5.25958519617e-19"
"proteasome-mediated ubiquitin-dependent protein catabolic process","305","GO:0043161","http://amigo.geneontology.org/amigo/term/GO:0043161","6.90862344178e-19"
"regulation of mitotic cell cycle phase transition","249","GO:1901990","http://amigo.geneontology.org/amigo/term/GO:1901990","9.20509057232e-19"
"regulation of apoptotic process","1405","GO:0042981","http://amigo.geneontology.org/amigo/term/GO:0042981","1.18719238244e-18"
"antigen processing and presentation","225","GO:0019882","http://amigo.geneontology.org/amigo/term/GO:0019882","1.55325108174e-18"
"innate immune response-activating signal transduction","239","GO:0002758","http://amigo.geneontology.org/amigo/term/GO:0002758","1.64122282496e-18"
"negative regulation of apoptotic process","833","GO:0043066","http://amigo.geneontology.org/amigo/term/GO:0043066","1.89688598684e-18"
"proteasomal protein catabolic process","313","GO:0010498","http://amigo.geneontology.org/amigo/term/GO:0010498","1.91920231906e-18"
"negative regulation of cell death","902","GO:0060548","http://amigo.geneontology.org/amigo/term/GO:0060548","2.49563128039e-18"
"regulation of programmed cell death","1422","GO:0043067","http://amigo.geneontology.org/amigo/term/GO:0043067","2.78391991628e-18"
"positive regulation of cell cycle","301","GO:0045787","http://amigo.geneontology.org/amigo/term/GO:0045787","2.89043061588e-18"
"regulation of innate immune response","364","GO:0045088","http://amigo.geneontology.org/amigo/term/GO:0045088","2.9765240108e-18"
"proteolysis involved in cellular protein catabolic process","485","GO:0051603","http://amigo.geneontology.org/amigo/term/GO:0051603","3.36979583729e-18"
"regulation of protein modification by small protein conjugation or removal","259","GO:1903320","http://amigo.geneontology.org/amigo/term/GO:1903320","3.88995419626e-18"
"activation of innate immune response","245","GO:0002218","http://amigo.geneontology.org/amigo/term/GO:0002218","3.99228679155e-18"
"negative regulation of programmed cell death","844","GO:0043069","http://amigo.geneontology.org/amigo/term/GO:0043069","3.99678063555e-18"
"immune response-activating signal transduction","403","GO:0002757","http://amigo.geneontology.org/amigo/term/GO:0002757","5.65536947864e-18"
"negative regulation of mitotic cell cycle","221","GO:0045930","http://amigo.geneontology.org/amigo/term/GO:0045930","6.83037229156e-18"
"negative regulation of Wnt signaling pathway","183","GO:0030178","http://amigo.geneontology.org/amigo/term/GO:0030178","8.29427733008e-18"
"regulation of cell cycle phase transition","266","GO:1901987","http://amigo.geneontology.org/amigo/term/GO:1901987","1.02743586156e-17"
"protein folding","224","GO:0006457","http://amigo.geneontology.org/amigo/term/GO:0006457","1.08401560389e-17"
"regulation of cell death","1505","GO:0010941","http://amigo.geneontology.org/amigo/term/GO:0010941","1.33226458855e-17"
"cellular protein catabolic process","501","GO:0044257","http://amigo.geneontology.org/amigo/term/GO:0044257","1.48414853702e-17"
"regulation of canonical Wnt signaling pathway","227","GO:0060828","http://amigo.geneontology.org/amigo/term/GO:0060828","1.70838548113e-17"
"regulation of protein ubiquitination","242","GO:0031396","http://amigo.geneontology.org/amigo/term/GO:0031396","1.9919895939e-17"
"positive regulation of innate immune response","287","GO:0045089","http://amigo.geneontology.org/amigo/term/GO:0045089","2.32437613617e-17"
"protein modification by small protein conjugation or removal","788","GO:0070647","http://amigo.geneontology.org/amigo/term/GO:0070647","2.96469272933e-17"
"immune response-regulating cell surface receptor signaling pathway","402","GO:0002768","http://amigo.geneontology.org/amigo/term/GO:0002768","3.00088943013e-17"
"regulation of cellular protein catabolic process","306","GO:1903362","http://amigo.geneontology.org/amigo/term/GO:1903362","3.69666458223e-17"
"regulation of protein catabolic process","423","GO:0042176","http://amigo.geneontology.org/amigo/term/GO:0042176","4.38852629727e-17"
"activation of immune response","449","GO:0002253","http://amigo.geneontology.org/amigo/term/GO:0002253","9.86833391207e-17"
"negative regulation of protein modification process","504","GO:0031400","http://amigo.geneontology.org/amigo/term/GO:0031400","1.01248472122e-16"
"positive regulation of protein catabolic process","242","GO:0045732","http://amigo.geneontology.org/amigo/term/GO:0045732","1.50457065964e-16"
"regulation of proteolysis involved in cellular protein catabolic process","288","GO:1903050","http://amigo.geneontology.org/amigo/term/GO:1903050","1.81133412908e-16"
"positive regulation of proteolysis","353","GO:0045862","http://amigo.geneontology.org/amigo/term/GO:0045862","2.07886665478e-16"
"negative regulation of transferase activity","321","GO:0051348","http://amigo.geneontology.org/amigo/term/GO:0051348","2.20794234494e-16"
"negative regulation of cell cycle process","232","GO:0010948","http://amigo.geneontology.org/amigo/term/GO:0010948","2.75430382651e-16"
"ribosome assembly","48","GO:0042255","http://amigo.geneontology.org/amigo/term/GO:0042255","4.74723273095e-16"
"programmed cell death","1067","GO:0012501","http://amigo.geneontology.org/amigo/term/GO:0012501","7.7867504287e-16"
"protein catabolic process","549","GO:0030163","http://amigo.geneontology.org/amigo/term/GO:0030163","9.11126095084e-16"
"ribosome biogenesis","215","GO:0042254","http://amigo.geneontology.org/amigo/term/GO:0042254","1.38358796747e-15"
"death","1114","GO:0016265","http://amigo.geneontology.org/amigo/term/GO:0016265","2.67017871946e-15"
"apoptotic process","1045","GO:0006915","http://amigo.geneontology.org/amigo/term/GO:0006915","3.09834381303e-15"
"regulation of Wnt signaling pathway","296","GO:0030111","http://amigo.geneontology.org/amigo/term/GO:0030111","3.13835324679e-15"
"regulation of response to stress","1316","GO:0080134","http://amigo.geneontology.org/amigo/term/GO:0080134","3.28701023392e-15"
"cell death","1109","GO:0008219","http://amigo.geneontology.org/amigo/term/GO:0008219","7.23520531004e-15"
"'de novo' posttranslational protein folding","48","GO:0051084","http://amigo.geneontology.org/amigo/term/GO:0051084","9.18054318827e-15"
"immune response-regulating signaling pathway","501","GO:0002764","http://amigo.geneontology.org/amigo/term/GO:0002764","9.84202457114e-15"
"positive regulation of immune response","581","GO:0050778","http://amigo.geneontology.org/amigo/term/GO:0050778","1.11068447455e-14"
"positive regulation of cellular catabolic process","412","GO:0031331","http://amigo.geneontology.org/amigo/term/GO:0031331","1.38382720911e-14"
"regulation of protein metabolic process","2378","GO:0051246","http://amigo.geneontology.org/amigo/term/GO:0051246","1.58305416163e-14"
"regulation of cellular protein metabolic process","2209","GO:0032268","http://amigo.geneontology.org/amigo/term/GO:0032268","2.04725144746e-14"
"negative regulation of cellular protein metabolic process","871","GO:0032269","http://amigo.geneontology.org/amigo/term/GO:0032269","2.2577543324e-14"
"innate immune response","943","GO:0045087","http://amigo.geneontology.org/amigo/term/GO:0045087","2.65605823066e-14"
"regulation of cell cycle process","515","GO:0010564","http://amigo.geneontology.org/amigo/term/GO:0010564","3.07054457079e-14"
"response to stress","3559","GO:0006950","http://amigo.geneontology.org/amigo/term/GO:0006950","3.09226535817e-14"
"protein modification by small protein conjugation","678","GO:0032446","http://amigo.geneontology.org/amigo/term/GO:0032446","3.10337719312e-14"
"spliceosomal snRNP assembly","37","GO:0000387","http://amigo.geneontology.org/amigo/term/GO:0000387","3.44138019808e-14"
"'de novo' protein folding","52","GO:0006458","http://amigo.geneontology.org/amigo/term/GO:0006458","4.17524895216e-14"
"regulation of cell cycle","930","GO:0051726","http://amigo.geneontology.org/amigo/term/GO:0051726","4.71556419673e-14"
"positive regulation of catabolic process","467","GO:0009896","http://amigo.geneontology.org/amigo/term/GO:0009896","6.77411047625e-14"
"cellular response to DNA damage stimulus","690","GO:0006974","http://amigo.geneontology.org/amigo/term/GO:0006974","6.9161983011e-14"
"negative regulation of protein metabolic process","938","GO:0051248","http://amigo.geneontology.org/amigo/term/GO:0051248","7.33991054442e-14"
"regulation of catabolic process","790","GO:0009894","http://amigo.geneontology.org/amigo/term/GO:0009894","1.50209611484e-13"
"regulation of mitotic cell cycle","460","GO:0007346","http://amigo.geneontology.org/amigo/term/GO:0007346","1.84471513314e-13"
"organelle organization","2891","GO:0006996","http://amigo.geneontology.org/amigo/term/GO:0006996","2.25078328051e-13"
"negative regulation of cell cycle","446","GO:0045786","http://amigo.geneontology.org/amigo/term/GO:0045786","2.79524960323e-13"
"protein ubiquitination","585","GO:0016567","http://amigo.geneontology.org/amigo/term/GO:0016567","2.93204246362e-13"
"positive regulation of transferase activity","569","GO:0051347","http://amigo.geneontology.org/amigo/term/GO:0051347","4.05489205255e-13"
"positive regulation of defense response","379","GO:0031349","http://amigo.geneontology.org/amigo/term/GO:0031349","5.11469053463e-13"
"regulation of cellular ketone metabolic process","193","GO:0010565","http://amigo.geneontology.org/amigo/term/GO:0010565","1.45277975132e-12"
"regulation of cellular catabolic process","685","GO:0031329","http://amigo.geneontology.org/amigo/term/GO:0031329","3.24509730095e-12"
"negative regulation of metabolic process","2461","GO:0009892","http://amigo.geneontology.org/amigo/term/GO:0009892","3.9345330633e-12"
"posttranscriptional regulation of gene expression","356","GO:0010608","http://amigo.geneontology.org/amigo/term/GO:0010608","8.87112869239e-12"
"negative regulation of macromolecule metabolic process","2134","GO:0010605","http://amigo.geneontology.org/amigo/term/GO:0010605","1.14127738999e-11"
"negative regulation of biological process","4346","GO:0048519","http://amigo.geneontology.org/amigo/term/GO:0048519","1.27752865409e-11"
"positive regulation of cellular process","4526","GO:0048522","http://amigo.geneontology.org/amigo/term/GO:0048522","1.41464256312e-11"
"regulation of transferase activity","880","GO:0051338","http://amigo.geneontology.org/amigo/term/GO:0051338","2.28148679397e-11"
"negative regulation of cellular metabolic process","2194","GO:0031324","http://amigo.geneontology.org/amigo/term/GO:0031324","2.95309365823e-11"
"intracellular signal transduction","1757","GO:0035556","http://amigo.geneontology.org/amigo/term/GO:0035556","3.11758368657e-11"
"positive regulation of immune system process","863","GO:0002684","http://amigo.geneontology.org/amigo/term/GO:0002684","3.25339818096e-11"
"regulation of immune response","844","GO:0050776","http://amigo.geneontology.org/amigo/term/GO:0050776","4.17043688343e-11"
"regulation of defense response","733","GO:0031347","http://amigo.geneontology.org/amigo/term/GO:0031347","5.60415785968e-11"
"negative regulation of cellular process","4000","GO:0048523","http://amigo.geneontology.org/amigo/term/GO:0048523","1.34911575779e-10"
"regulation of metabolic process","6531","GO:0019222","http://amigo.geneontology.org/amigo/term/GO:0019222","1.55642538816e-10"
"positive regulation of biological process","5253","GO:0048518","http://amigo.geneontology.org/amigo/term/GO:0048518","1.58778713914e-10"
"ncRNA metabolic process","409","GO:0034660","http://amigo.geneontology.org/amigo/term/GO:0034660","1.60968526978e-10"
"positive regulation of cellular metabolic process","2825","GO:0031325","http://amigo.geneontology.org/amigo/term/GO:0031325","2.33868261188e-10"
"immune response","1321","GO:0006955","http://amigo.geneontology.org/amigo/term/GO:0006955","3.18522180204e-10"
"regulation of macromolecule metabolic process","5474","GO:0060255","http://amigo.geneontology.org/amigo/term/GO:0060255","3.26134608881e-10"
"cellular protein modification process","2588","GO:0006464","http://amigo.geneontology.org/amigo/term/GO:0006464","3.66266300421e-10"
"protein modification process","2588","GO:0036211","http://amigo.geneontology.org/amigo/term/GO:0036211","3.66266300421e-10"
"proteolysis","1144","GO:0006508","http://amigo.geneontology.org/amigo/term/GO:0006508","4.50418141609e-10"
"immune system process","2107","GO:0002376","http://amigo.geneontology.org/amigo/term/GO:0002376","5.09272518311e-10"
"regulation of proteolysis","751","GO:0030162","http://amigo.geneontology.org/amigo/term/GO:0030162","5.38963529588e-10"
"positive regulation of cellular protein metabolic process","1308","GO:0032270","http://amigo.geneontology.org/amigo/term/GO:0032270","5.48723163934e-10"
"regulation of protein modification process","1517","GO:0031399","http://amigo.geneontology.org/amigo/term/GO:0031399","1.01048630182e-09"
"positive regulation of macromolecule metabolic process","2659","GO:0010604","http://amigo.geneontology.org/amigo/term/GO:0010604","1.05096784139e-09"
"positive regulation of protein metabolic process","1399","GO:0051247","http://amigo.geneontology.org/amigo/term/GO:0051247","2.16011052139e-09"
"regulation of cellular metabolic process","5738","GO:0031323","http://amigo.geneontology.org/amigo/term/GO:0031323","2.8015333551e-09"
"macromolecule modification","2734","GO:0043412","http://amigo.geneontology.org/amigo/term/GO:0043412","3.19819083088e-09"
"negative regulation of signal transduction","1035","GO:0009968","http://amigo.geneontology.org/amigo/term/GO:0009968","3.24104805952e-09"
"response to stimulus","7577","GO:0050896","http://amigo.geneontology.org/amigo/term/GO:0050896","3.5367077445e-09"
"positive regulation of metabolic process","3465","GO:0009893","http://amigo.geneontology.org/amigo/term/GO:0009893","3.69438112657e-09"
"cellular response to stimulus","6182","GO:0051716","http://amigo.geneontology.org/amigo/term/GO:0051716","4.55006933701e-09"
"proteasomal ubiquitin-independent protein catabolic process","23","GO:0010499","http://amigo.geneontology.org/amigo/term/GO:0010499","5.64252045804e-09"
"positive regulation of cell communication","1463","GO:0010647","http://amigo.geneontology.org/amigo/term/GO:0010647","7.78938155959e-09"
"negative regulation of catalytic activity","804","GO:0043086","http://amigo.geneontology.org/amigo/term/GO:0043086","7.99826740494e-09"
"nucleocytoplasmic transport","234","GO:0006913","http://amigo.geneontology.org/amigo/term/GO:0006913","8.07493711052e-09"
"ribosomal small subunit biogenesis","47","GO:0042274","http://amigo.geneontology.org/amigo/term/GO:0042274","8.2044891898e-09"
"positive regulation of signal transduction","1326","GO:0009967","http://amigo.geneontology.org/amigo/term/GO:0009967","8.42115067827e-09"
"nuclear transport","239","GO:0051169","http://amigo.geneontology.org/amigo/term/GO:0051169","1.33853040567e-08"
"positive regulation of protein modification process","1047","GO:0031401","http://amigo.geneontology.org/amigo/term/GO:0031401","1.59054888817e-08"
"positive regulation of signaling","1457","GO:0023056","http://amigo.geneontology.org/amigo/term/GO:0023056","1.67033121868e-08"
"response to organic substance","2523","GO:0010033","http://amigo.geneontology.org/amigo/term/GO:0010033","2.24392448861e-08"
"defense response","1440","GO:0006952","http://amigo.geneontology.org/amigo/term/GO:0006952","2.45099599493e-08"
"ribonucleoprotein complex export from nucleus","86","GO:0071426","http://amigo.geneontology.org/amigo/term/GO:0071426","4.7038084431e-08"
"cytoplasmic translation","28","GO:0002181","http://amigo.geneontology.org/amigo/term/GO:0002181","5.37784724102e-08"
"positive regulation of response to stimulus","1844","GO:0048584","http://amigo.geneontology.org/amigo/term/GO:0048584","5.43344928241e-08"
"negative regulation of response to stimulus","1295","GO:0048585","http://amigo.geneontology.org/amigo/term/GO:0048585","5.4404628999e-08"
"ribosomal large subunit biogenesis","36","GO:0042273","http://amigo.geneontology.org/amigo/term/GO:0042273","5.88432062082e-08"
"ribonucleoprotein complex localization","88","GO:0071166","http://amigo.geneontology.org/amigo/term/GO:0071166","6.81551319086e-08"
"negative regulation of signaling","1138","GO:0023057","http://amigo.geneontology.org/amigo/term/GO:0023057","7.0703196698e-08"
"negative regulation of molecular function","1032","GO:0044092","http://amigo.geneontology.org/amigo/term/GO:0044092","7.26787347498e-08"
"negative regulation of cell communication","1146","GO:0010648","http://amigo.geneontology.org/amigo/term/GO:0010648","9.55361854417e-08"
"regulation of primary metabolic process","5497","GO:0080090","http://amigo.geneontology.org/amigo/term/GO:0080090","1.12989687425e-07"
"nuclear export","117","GO:0051168","http://amigo.geneontology.org/amigo/term/GO:0051168","1.13855176114e-07"
"regulation of signal transduction","2485","GO:0009966","http://amigo.geneontology.org/amigo/term/GO:0009966","2.09264259986e-07"
"regulation of translation","288","GO:0006417","http://amigo.geneontology.org/amigo/term/GO:0006417","2.22547675391e-07"
"establishment of RNA localization","152","GO:0051236","http://amigo.geneontology.org/amigo/term/GO:0051236","2.56257334779e-07"
"RNA transport","152","GO:0050658","http://amigo.geneontology.org/amigo/term/GO:0050658","2.56257334779e-07"
"nucleic acid transport","152","GO:0050657","http://amigo.geneontology.org/amigo/term/GO:0050657","2.56257334779e-07"
"regulation of response to stimulus","3433","GO:0048583","http://amigo.geneontology.org/amigo/term/GO:0048583","3.13351010388e-07"
"protein complex assembly","940","GO:0006461","http://amigo.geneontology.org/amigo/term/GO:0006461","3.52611607226e-07"
"protein complex biogenesis","940","GO:0070271","http://amigo.geneontology.org/amigo/term/GO:0070271","3.52611607226e-07"
"regulation of immune system process","1390","GO:0002682","http://amigo.geneontology.org/amigo/term/GO:0002682","5.21012568197e-07"
"cullin deneddylation","9","GO:0010388","http://amigo.geneontology.org/amigo/term/GO:0010388","6.22268634745e-07"
"RNA localization","162","GO:0006403","http://amigo.geneontology.org/amigo/term/GO:0006403","8.39197948368e-07"
"neurological system process","1277","GO:0050877","http://amigo.geneontology.org/amigo/term/GO:0050877","1.47102697568e-06"
"small molecule metabolic process","2219","GO:0044281","http://amigo.geneontology.org/amigo/term/GO:0044281","1.6656955847e-06"
"spliceosomal complex assembly","49","GO:0000245","http://amigo.geneontology.org/amigo/term/GO:0000245","2.45629061301e-06"
"RNA export from nucleus","84","GO:0006405","http://amigo.geneontology.org/amigo/term/GO:0006405","2.69741743229e-06"
"ribosomal small subunit assembly","17","GO:0000028","http://amigo.geneontology.org/amigo/term/GO:0000028","3.73526486107e-06"
"positive regulation of molecular function","1662","GO:0044093","http://amigo.geneontology.org/amigo/term/GO:0044093","3.7743464902e-06"
"regulation of nitrogen compound metabolic process","3947","GO:0051171","http://amigo.geneontology.org/amigo/term/GO:0051171","3.8728047358e-06"
"regulation of RNA splicing","88","GO:0043484","http://amigo.geneontology.org/amigo/term/GO:0043484","5.21206422648e-06"
"ribosomal large subunit assembly","18","GO:0000027","http://amigo.geneontology.org/amigo/term/GO:0000027","6.11941094339e-06"
"regulation of signaling","2810","GO:0023051","http://amigo.geneontology.org/amigo/term/GO:0023051","7.86410870893e-06"
"regulation of cell communication","2823","GO:0010646","http://amigo.geneontology.org/amigo/term/GO:0010646","1.02986202351e-05"
"nucleobase-containing compound transport","186","GO:0015931","http://amigo.geneontology.org/amigo/term/GO:0015931","1.04534066818e-05"
"protein deneddylation","13","GO:0000338","http://amigo.geneontology.org/amigo/term/GO:0000338","1.08602102692e-05"
"cell cycle G2/M phase transition","142","GO:0044839","http://amigo.geneontology.org/amigo/term/GO:0044839","1.99037853672e-05"
"G2/M transition of mitotic cell cycle","142","GO:0000086","http://amigo.geneontology.org/amigo/term/GO:0000086","1.99037853672e-05"
"positive regulation of catalytic activity","1397","GO:0043085","http://amigo.geneontology.org/amigo/term/GO:0043085","2.26748522314e-05"
"mRNA transport","128","GO:0051028","http://amigo.geneontology.org/amigo/term/GO:0051028","2.45175549689e-05"
"cellular response to chemical stimulus","2275","GO:0070887","http://amigo.geneontology.org/amigo/term/GO:0070887","2.7666281104e-05"
"response to chemical","3863","GO:0042221","http://amigo.geneontology.org/amigo/term/GO:0042221","3.80653829536e-05"
"cellular response to heat","102","GO:0034605","http://amigo.geneontology.org/amigo/term/GO:0034605","4.09988335366e-05"
"RNA stabilization","31","GO:0043489","http://amigo.geneontology.org/amigo/term/GO:0043489","4.44630707965e-05"
"mRNA stabilization","31","GO:0048255","http://amigo.geneontology.org/amigo/term/GO:0048255","4.44630707965e-05"
"regulation of catalytic activity","2173","GO:0050790","http://amigo.geneontology.org/amigo/term/GO:0050790","5.11716560535e-05"
"response to heat","151","GO:0009408","http://amigo.geneontology.org/amigo/term/GO:0009408","5.27267006914e-05"
"negative regulation of RNA splicing","24","GO:0033119","http://amigo.geneontology.org/amigo/term/GO:0033119","7.19529236532e-05"
"regulation of biological process","10582","GO:0050789","http://amigo.geneontology.org/amigo/term/GO:0050789","7.29162732116e-05"
"osteoblast differentiation","122","GO:0001649","http://amigo.geneontology.org/amigo/term/GO:0001649","7.64297870256e-05"
"positive regulation of RNA polymerase II transcriptional preinitiation complex assembly","11","GO:0045899","http://amigo.geneontology.org/amigo/term/GO:0045899","9.33001884573e-05"
"regulation of mRNA splicing, via spliceosome","55","GO:0048024","http://amigo.geneontology.org/amigo/term/GO:0048024","0.000100206994119"
"substantia nigra development","46","GO:0021762","http://amigo.geneontology.org/amigo/term/GO:0021762","0.00016147762393"
"multi-organism localization","36","GO:1902579","http://amigo.geneontology.org/amigo/term/GO:1902579","0.000178649934002"
"multi-organism transport","36","GO:0044766","http://amigo.geneontology.org/amigo/term/GO:0044766","0.000178649934002"
"positive regulation of gene expression","1659","GO:0010628","http://amigo.geneontology.org/amigo/term/GO:0010628","0.000193273701459"
"single-organism metabolic process","4361","GO:0044710","http://amigo.geneontology.org/amigo/term/GO:0044710","0.000194556159353"
"regulation of molecular function","2645","GO:0065009","http://amigo.geneontology.org/amigo/term/GO:0065009","0.000245211455057"
"regulation of gene expression","4060","GO:0010468","http://amigo.geneontology.org/amigo/term/GO:0010468","0.000297721333802"
"biological regulation","11095","GO:0065007","http://amigo.geneontology.org/amigo/term/GO:0065007","0.000305532392592"
"DNA metabolic process","721","GO:0006259","http://amigo.geneontology.org/amigo/term/GO:0006259","0.000345641179303"
"cellular response to organic substance","1849","GO:0071310","http://amigo.geneontology.org/amigo/term/GO:0071310","0.000418684969379"
"regulation of mRNA processing","91","GO:0050684","http://amigo.geneontology.org/amigo/term/GO:0050684","0.00046687853204"
"regulation of RNA polymerase II transcriptional preinitiation complex assembly","14","GO:0045898","http://amigo.geneontology.org/amigo/term/GO:0045898","0.000474914863247"
"regulation of apoptotic signaling pathway","382","GO:2001233","http://amigo.geneontology.org/amigo/term/GO:2001233","0.000494096971441"
"regulation of cellular process","10096","GO:0050794","http://amigo.geneontology.org/amigo/term/GO:0050794","0.000500949372608"
"toxin transport","42","GO:1901998","http://amigo.geneontology.org/amigo/term/GO:1901998","0.000736259702198"
"regulation of mRNA stability","54","GO:0043488","http://amigo.geneontology.org/amigo/term/GO:0043488","0.000796313150728"
"multi-organism intracellular transport","32","GO:1902583","http://amigo.geneontology.org/amigo/term/GO:1902583","0.000811791275315"
"intracellular transport of virus","32","GO:0075733","http://amigo.geneontology.org/amigo/term/GO:0075733","0.000811791275315"
"regulation of cellular component organization","2139","GO:0051128","http://amigo.geneontology.org/amigo/term/GO:0051128","0.000818640799618"
"rRNA processing","147","GO:0006364","http://amigo.geneontology.org/amigo/term/GO:0006364","0.00106424626813"
"regulation of RNA stability","57","GO:0043487","http://amigo.geneontology.org/amigo/term/GO:0043487","0.00135522549863"
"termination of RNA polymerase II transcription","45","GO:0006369","http://amigo.geneontology.org/amigo/term/GO:0006369","0.00137867699775"
"RNA 3'-end processing","85","GO:0031123","http://amigo.geneontology.org/amigo/term/GO:0031123","0.00147385272258"
"regulation of cellular response to heat","71","GO:1900034","http://amigo.geneontology.org/amigo/term/GO:1900034","0.00153076238355"
"positive regulation of DNA-templated transcription, initiation","25","GO:2000144","http://amigo.geneontology.org/amigo/term/GO:2000144","0.00158770327686"
"postreplication repair","58","GO:0006301","http://amigo.geneontology.org/amigo/term/GO:0006301","0.00160685624265"
"rRNA metabolic process","152","GO:0016072","http://amigo.geneontology.org/amigo/term/GO:0016072","0.00168858002223"
"binding of sperm to zona pellucida","35","GO:0007339","http://amigo.geneontology.org/amigo/term/GO:0007339","0.00170889538649"
"DNA damage response, detection of DNA damage","35","GO:0042769","http://amigo.geneontology.org/amigo/term/GO:0042769","0.00170889538649"
"transport of virus","35","GO:0046794","http://amigo.geneontology.org/amigo/term/GO:0046794","0.00170889538649"
"regulation of mRNA metabolic process","102","GO:1903311","http://amigo.geneontology.org/amigo/term/GO:1903311","0.00182587400602"
"cellular protein complex assembly","294","GO:0043623","http://amigo.geneontology.org/amigo/term/GO:0043623","0.00191416440958"
"mRNA export from nucleus","73","GO:0006406","http://amigo.geneontology.org/amigo/term/GO:0006406","0.00204813060809"
"mRNA-containing ribonucleoprotein complex export from nucleus","73","GO:0071427","http://amigo.geneontology.org/amigo/term/GO:0071427","0.00204813060809"
"sensory perception","945","GO:0007600","http://amigo.geneontology.org/amigo/term/GO:0007600","0.00230327612268"
"positive regulation of transcription initiation from RNA polymerase II promoter","18","GO:0060261","http://amigo.geneontology.org/amigo/term/GO:0060261","0.00254357737061"
"mRNA 3'-end processing","61","GO:0031124","http://amigo.geneontology.org/amigo/term/GO:0031124","0.00262752820634"
"translesion synthesis","49","GO:0019985","http://amigo.geneontology.org/amigo/term/GO:0019985","0.00297201322489"
"positive regulation of nitrogen compound metabolic process","1669","GO:0051173","http://amigo.geneontology.org/amigo/term/GO:0051173","0.00458404948289"
"organelle assembly","428","GO:0070925","http://amigo.geneontology.org/amigo/term/GO:0070925","0.00495320711014"
"negative regulation of mRNA splicing, via spliceosome","20","GO:0048025","http://amigo.geneontology.org/amigo/term/GO:0048025","0.00510707618384"
"response to abiotic stimulus","1118","GO:0009628","http://amigo.geneontology.org/amigo/term/GO:0009628","0.00538753958451"
"regulation of cellular response to stress","560","GO:0080135","http://amigo.geneontology.org/amigo/term/GO:0080135","0.00630714783046"
"protein refolding","21","GO:0042026","http://amigo.geneontology.org/amigo/term/GO:0042026","0.00704229062795"
"regulation of DNA-templated transcription, initiation","31","GO:2000142","http://amigo.geneontology.org/amigo/term/GO:2000142","0.00784758598535"
"neural nucleus development","69","GO:0048857","http://amigo.geneontology.org/amigo/term/GO:0048857","0.00861748222788"
"response to temperature stimulus","213","GO:0009266","http://amigo.geneontology.org/amigo/term/GO:0009266","0.00961067611616"
"positive regulation of cellular biosynthetic process","1705","GO:0031328","http://amigo.geneontology.org/amigo/term/GO:0031328","0.00990391876208"
"regulation of transcription from RNA polymerase II promoter in response to hypoxia","33","GO:0061418","http://amigo.geneontology.org/amigo/term/GO:0061418","0.0124213620031"
"regulation of transcription initiation from RNA polymerase II promoter","23","GO:0060260","http://amigo.geneontology.org/amigo/term/GO:0060260","0.0127854169817"
"positive regulation of macromolecule biosynthetic process","1595","GO:0010557","http://amigo.geneontology.org/amigo/term/GO:0010557","0.0147589067415"
"generation of precursor metabolites and energy","403","GO:0006091","http://amigo.geneontology.org/amigo/term/GO:0006091","0.0148433482068"
"regulation of mitochondrion organization","332","GO:0010821","http://amigo.geneontology.org/amigo/term/GO:0010821","0.0156142236889"
"positive regulation of cellular component organization","1129","GO:0051130","http://amigo.geneontology.org/amigo/term/GO:0051130","0.0157766032045"
"ER-associated ubiquitin-dependent protein catabolic process","60","GO:0030433","http://amigo.geneontology.org/amigo/term/GO:0030433","0.0179078683365"
"sperm-egg recognition","47","GO:0035036","http://amigo.geneontology.org/amigo/term/GO:0035036","0.0189311475401"
"negative regulation of mRNA metabolic process","35","GO:1903312","http://amigo.geneontology.org/amigo/term/GO:1903312","0.0190908845271"
"positive regulation of biosynthetic process","1738","GO:0009891","http://amigo.geneontology.org/amigo/term/GO:0009891","0.0194922989368"
"positive regulation of cellular protein localization","313","GO:1903829","http://amigo.geneontology.org/amigo/term/GO:1903829","0.0195167220572"
"positive regulation of nucleobase-containing compound metabolic process","1644","GO:0045935","http://amigo.geneontology.org/amigo/term/GO:0045935","0.0209616397212"
"response to cytokine","649","GO:0034097","http://amigo.geneontology.org/amigo/term/GO:0034097","0.0229506219747"
"positive regulation of apoptotic process","569","GO:0043065","http://amigo.geneontology.org/amigo/term/GO:0043065","0.0240040351075"
"regulation of intrinsic apoptotic signaling pathway","147","GO:2001242","http://amigo.geneontology.org/amigo/term/GO:2001242","0.0260514769811"
"regulation of DNA-templated transcription in response to stress","63","GO:0043620","http://amigo.geneontology.org/amigo/term/GO:0043620","0.0274041517296"
"circadian rhythm","148","GO:0007623","http://amigo.geneontology.org/amigo/term/GO:0007623","0.0282334877486"
"transcription from RNA polymerase II promoter","770","GO:0006366","http://amigo.geneontology.org/amigo/term/GO:0006366","0.0306633964779"
"positive regulation of programmed cell death","578","GO:0043068","http://amigo.geneontology.org/amigo/term/GO:0043068","0.03317798774"
"detection of stimulus involved in sensory perception","514","GO:0050906","http://amigo.geneontology.org/amigo/term/GO:0050906","0.0360719040103"
"mitochondrial transmembrane transport","51","GO:1990542","http://amigo.geneontology.org/amigo/term/GO:1990542","0.0363538369637"
"platelet activation","236","GO:0030168","http://amigo.geneontology.org/amigo/term/GO:0030168","0.0411930741665"
"DNA biosynthetic process","82","GO:0071897","http://amigo.geneontology.org/amigo/term/GO:0071897","0.0438266827517"
"midbrain development","82","GO:0030901","http://amigo.geneontology.org/amigo/term/GO:0030901","0.0438266827517"
"maturation of SSU-rRNA from tricistronic rRNA transcript (SSU-rRNA, 5.8S rRNA, LSU-rRNA)","28","GO:0000462","http://amigo.geneontology.org/amigo/term/GO:0000462","0.0458012329657"
"ribonucleoside triphosphate metabolic process","195","GO:0009199","http://amigo.geneontology.org/amigo/term/GO:0009199","0.0465223239059"
"single-organism organelle organization","1949","GO:1902589","http://amigo.geneontology.org/amigo/term/GO:1902589","0.0465472404632"
"protein polymerization","83","GO:0051258","http://amigo.geneontology.org/amigo/term/GO:0051258","0.0490408457103"
"positive regulation of mitochondrion organization","285","GO:0010822","http://amigo.geneontology.org/amigo/term/GO:0010822","0.0509043861291"
"small GTPase mediated signal transduction","618","GO:0007264","http://amigo.geneontology.org/amigo/term/GO:0007264","0.0514633761338"
"ERAD pathway","68","GO:0036503","http://amigo.geneontology.org/amigo/term/GO:0036503","0.0530066326401"
"CRD-mediated mRNA stabilization","5","GO:0070934","http://amigo.geneontology.org/amigo/term/GO:0070934","0.0562175857804"
"mesenchyme migration","5","GO:0090131","http://amigo.geneontology.org/amigo/term/GO:0090131","0.0562175857804"
"error-free translesion synthesis","19","GO:0070987","http://amigo.geneontology.org/amigo/term/GO:0070987","0.0579710782294"
"alternative mRNA splicing, via spliceosome","11","GO:0000380","http://amigo.geneontology.org/amigo/term/GO:0000380","0.060123042874"
"rhythmic process","292","GO:0048511","http://amigo.geneontology.org/amigo/term/GO:0048511","0.0729125169469"
"regulation of proteasomal protein catabolic process","224","GO:0061136","http://amigo.geneontology.org/amigo/term/GO:0061136","0.0743000065019"
"cellular response to cytokine stimulus","551","GO:0071345","http://amigo.geneontology.org/amigo/term/GO:0071345","0.0860010363702"
"negative regulation of mRNA processing","31","GO:0050686","http://amigo.geneontology.org/amigo/term/GO:0050686","0.0879076618609"
"negative regulation of gene expression","1391","GO:0010629","http://amigo.geneontology.org/amigo/term/GO:0010629","0.0884259514426"
"rRNA-containing ribonucleoprotein complex export from nucleus","12","GO:0071428","http://amigo.geneontology.org/amigo/term/GO:0071428","0.0911138813578"
"positive regulation of cell death","608","GO:0010942","http://amigo.geneontology.org/amigo/term/GO:0010942","0.0922313977996"
"negative regulation of nucleobase-containing compound metabolic process","1299","GO:0045934","http://amigo.geneontology.org/amigo/term/GO:0045934","0.0957411556491"
"positive regulation of RNA metabolic process","1464","GO:0051254","http://amigo.geneontology.org/amigo/term/GO:0051254","0.105391634585"
"microtubule-based process","503","GO:0007017","http://amigo.geneontology.org/amigo/term/GO:0007017","0.106156139994"
"regulation of transcription from RNA polymerase II promoter in response to stress","59","GO:0043618","http://amigo.geneontology.org/amigo/term/GO:0043618","0.114398857255"
"purine ribonucleoside triphosphate metabolic process","189","GO:0009205","http://amigo.geneontology.org/amigo/term/GO:0009205","0.123670420888"
"apoptotic signaling pathway","352","GO:0097190","http://amigo.geneontology.org/amigo/term/GO:0097190","0.125642420873"
"detection of chemical stimulus involved in sensory perception","462","GO:0050907","http://amigo.geneontology.org/amigo/term/GO:0050907","0.126676947477"
"cell-cell recognition","60","GO:0009988","http://amigo.geneontology.org/amigo/term/GO:0009988","0.130366284416"
"ATP-dependent chromatin remodeling","60","GO:0043044","http://amigo.geneontology.org/amigo/term/GO:0043044","0.130366284416"
"maturation of SSU-rRNA","33","GO:0030490","http://amigo.geneontology.org/amigo/term/GO:0030490","0.130794406291"
"cell activation","647","GO:0001775","http://amigo.geneontology.org/amigo/term/GO:0001775","0.130862296838"
"regulation of translational elongation","22","GO:0006448","http://amigo.geneontology.org/amigo/term/GO:0006448","0.131647405046"
"pore complex assembly","13","GO:0046931","http://amigo.geneontology.org/amigo/term/GO:0046931","0.133352283107"
"tRNA aminoacylation for protein translation","46","GO:0006418","http://amigo.geneontology.org/amigo/term/GO:0006418","0.13574925686"
"Fc receptor signaling pathway","235","GO:0038093","http://amigo.geneontology.org/amigo/term/GO:0038093","0.139208830379"
"negative regulation of nitrogen compound metabolic process","1321","GO:0051172","http://amigo.geneontology.org/amigo/term/GO:0051172","0.152778422431"
"nucleoside triphosphate metabolic process","216","GO:0009141","http://amigo.geneontology.org/amigo/term/GO:0009141","0.169137621304"
"sensory perception of smell","450","GO:0007608","http://amigo.geneontology.org/amigo/term/GO:0007608","0.169196291029"
"regulation of cellular protein localization","491","GO:1903827","http://amigo.geneontology.org/amigo/term/GO:1903827","0.180633317191"
"ATP metabolic process","174","GO:0046034","http://amigo.geneontology.org/amigo/term/GO:0046034","0.184190830382"
"protein ubiquitination involved in ubiquitin-dependent protein catabolic process","79","GO:0042787","http://amigo.geneontology.org/amigo/term/GO:0042787","0.188920390322"
"DNA conformation change","219","GO:0071103","http://amigo.geneontology.org/amigo/term/GO:0071103","0.200588335256"
"purine nucleoside triphosphate metabolic process","197","GO:0009144","http://amigo.geneontology.org/amigo/term/GO:0009144","0.202501692506"
"regulation of viral life cycle","176","GO:1903900","http://amigo.geneontology.org/amigo/term/GO:1903900","0.209553150237"
"tRNA aminoacylation","49","GO:0043039","http://amigo.geneontology.org/amigo/term/GO:0043039","0.211676073671"
"amino acid activation","49","GO:0043038","http://amigo.geneontology.org/amigo/term/GO:0043038","0.211676073671"
"organelle transport along microtubule","36","GO:0072384","http://amigo.geneontology.org/amigo/term/GO:0072384","0.226399556914"
"organelle localization","369","GO:0051640","http://amigo.geneontology.org/amigo/term/GO:0051640","0.257998264942"
"regulation of cellular biosynthetic process","4037","GO:0031326","http://amigo.geneontology.org/amigo/term/GO:0031326","0.266311303448"
"establishment of organelle localization","297","GO:0051656","http://amigo.geneontology.org/amigo/term/GO:0051656","0.294252093908"
"sensory perception of chemical stimulus","536","GO:0007606","http://amigo.geneontology.org/amigo/term/GO:0007606","0.296077369322"
"signal transduction","4770","GO:0007165","http://amigo.geneontology.org/amigo/term/GO:0007165","0.304512745396"
"regulation of cellular macromolecule biosynthetic process","3751","GO:2000112","http://amigo.geneontology.org/amigo/term/GO:2000112","0.31146652746"
"ncRNA processing","274","GO:0034470","http://amigo.geneontology.org/amigo/term/GO:0034470","0.311616064799"
"positive regulation of type I interferon production","84","GO:0032481","http://amigo.geneontology.org/amigo/term/GO:0032481","0.314601236266"
"detection of chemical stimulus involved in sensory perception of smell","423","GO:0050911","http://amigo.geneontology.org/amigo/term/GO:0050911","0.324287381835"
"regulation of multi-organism process","455","GO:0043900","http://amigo.geneontology.org/amigo/term/GO:0043900","0.340308752128"
"ossification","252","GO:0001503","http://amigo.geneontology.org/amigo/term/GO:0001503","0.340427343667"
"establishment of ribosome localization","8","GO:0033753","http://amigo.geneontology.org/amigo/term/GO:0033753","0.348404332556"
"ribosome localization","8","GO:0033750","http://amigo.geneontology.org/amigo/term/GO:0033750","0.348404332556"
"ribosomal subunit export from nucleus","8","GO:0000054","http://amigo.geneontology.org/amigo/term/GO:0000054","0.348404332556"
"positive regulation of RNA biosynthetic process","1428","GO:1902680","http://amigo.geneontology.org/amigo/term/GO:1902680","0.354650898134"
"Golgi vesicle budding","16","GO:0048194","http://amigo.geneontology.org/amigo/term/GO:0048194","0.355408209988"
"behavior","527","GO:0007610","http://amigo.geneontology.org/amigo/term/GO:0007610","0.362262558085"
"DNA replication-independent nucleosome assembly","39","GO:0006336","http://amigo.geneontology.org/amigo/term/GO:0006336","0.373252527414"
"DNA replication-independent nucleosome organization","39","GO:0034724","http://amigo.geneontology.org/amigo/term/GO:0034724","0.373252527414"
"nitrogen compound transport","487","GO:0071705","http://amigo.geneontology.org/amigo/term/GO:0071705","0.40314738867"
"cytoskeleton-dependent intracellular transport","105","GO:0030705","http://amigo.geneontology.org/amigo/term/GO:0030705","0.41134802345"
"regulation of organelle organization","1082","GO:0033043","http://amigo.geneontology.org/amigo/term/GO:0033043","0.416620145099"
"DNA repair","434","GO:0006281","http://amigo.geneontology.org/amigo/term/GO:0006281","0.419287974823"
"positive regulation of apoptotic signaling pathway","188","GO:2001235","http://amigo.geneontology.org/amigo/term/GO:2001235","0.437008933723"
"regulation of viral process","188","GO:0050792","http://amigo.geneontology.org/amigo/term/GO:0050792","0.437008933723"
"regulation of biosynthetic process","4081","GO:0009889","http://amigo.geneontology.org/amigo/term/GO:0009889","0.444073285014"
"ribonucleoside monophosphate metabolic process","211","GO:0009161","http://amigo.geneontology.org/amigo/term/GO:0009161","0.451086441486"
"negative regulation of RNA metabolic process","1182","GO:0051253","http://amigo.geneontology.org/amigo/term/GO:0051253","0.46090051342"
"DNA-templated transcription, termination","88","GO:0006353","http://amigo.geneontology.org/amigo/term/GO:0006353","0.461097042076"
"regulation of macromolecule biosynthetic process","3859","GO:0010556","http://amigo.geneontology.org/amigo/term/GO:0010556","0.462579684566"
"positive regulation of NF-kappaB transcription factor activity","126","GO:0051092","http://amigo.geneontology.org/amigo/term/GO:0051092","0.469834086615"
"regulation of establishment of protein localization","780","GO:0070201","http://amigo.geneontology.org/amigo/term/GO:0070201","0.475733688421"
"nucleotide-binding oligomerization domain containing signaling pathway","28","GO:0070423","http://amigo.geneontology.org/amigo/term/GO:0070423","0.496928686927"
