"NA (Flu) / VPU (Jurkat) biological_process Ontology, dist <= 1","","","",""
"Label","REF","ID","URL","p-value"
"UNCLASSIFIED","4289","","","0"
"viral process","673","GO:0016032","http://amigo.geneontology.org/amigo/term/GO:0016032","8.82422723735e-74"
"multi-organism cellular process","678","GO:0044764","http://amigo.geneontology.org/amigo/term/GO:0044764","2.00969681922e-73"
"establishment of protein localization to endoplasmic reticulum","117","GO:0072599","http://amigo.geneontology.org/amigo/term/GO:0072599","1.67400220674e-71"
"cotranslational protein targeting to membrane","112","GO:0006613","http://amigo.geneontology.org/amigo/term/GO:0006613","3.36198095918e-71"
"protein targeting to ER","113","GO:0045047","http://amigo.geneontology.org/amigo/term/GO:0045047","5.99836736425e-71"
"interspecies interaction between organisms","749","GO:0044419","http://amigo.geneontology.org/amigo/term/GO:0044419","9.8468948939e-71"
"symbiosis, encompassing mutualism through parasitism","749","GO:0044403","http://amigo.geneontology.org/amigo/term/GO:0044403","9.8468948939e-71"
"SRP-dependent cotranslational protein targeting to membrane","109","GO:0006614","http://amigo.geneontology.org/amigo/term/GO:0006614","2.0847917829e-70"
"protein localization to endoplasmic reticulum","136","GO:0070972","http://amigo.geneontology.org/amigo/term/GO:0070972","3.66913269093e-70"
"single-organism intracellular transport","1159","GO:1902582","http://amigo.geneontology.org/amigo/term/GO:1902582","5.0860739643e-69"
"intracellular transport","1348","GO:0046907","http://amigo.geneontology.org/amigo/term/GO:0046907","6.28043470941e-68"
"viral gene expression","121","GO:0019080","http://amigo.geneontology.org/amigo/term/GO:0019080","1.71069172949e-64"
"viral transcription","111","GO:0019083","http://amigo.geneontology.org/amigo/term/GO:0019083","9.09726677808e-64"
"protein targeting to membrane","186","GO:0006612","http://amigo.geneontology.org/amigo/term/GO:0006612","1.00479575808e-63"
"multi-organism metabolic process","127","GO:0044033","http://amigo.geneontology.org/amigo/term/GO:0044033","3.42548767735e-63"
"mRNA metabolic process","562","GO:0016071","http://amigo.geneontology.org/amigo/term/GO:0016071","2.56749676536e-62"
"intracellular protein transport","727","GO:0006886","http://amigo.geneontology.org/amigo/term/GO:0006886","8.80022687771e-62"
"establishment of protein localization to organelle","347","GO:0072594","http://amigo.geneontology.org/amigo/term/GO:0072594","2.22947081895e-61"
"viral life cycle","241","GO:0019058","http://amigo.geneontology.org/amigo/term/GO:0019058","4.29328996545e-61"
"nuclear-transcribed mRNA catabolic process, nonsense-mediated decay","118","GO:0000184","http://amigo.geneontology.org/amigo/term/GO:0000184","1.09869171608e-60"
"establishment of localization in cell","1808","GO:0051649","http://amigo.geneontology.org/amigo/term/GO:0051649","3.7501926344e-60"
"cytoplasmic transport","703","GO:0016482","http://amigo.geneontology.org/amigo/term/GO:0016482","3.38636179819e-59"
"protein targeting","422","GO:0006605","http://amigo.geneontology.org/amigo/term/GO:0006605","4.75423071075e-59"
"establishment of protein localization to membrane","272","GO:0090150","http://amigo.geneontology.org/amigo/term/GO:0090150","4.30254261968e-56"
"translation","393","GO:0006412","http://amigo.geneontology.org/amigo/term/GO:0006412","8.60068818042e-55"
"nuclear-transcribed mRNA catabolic process","180","GO:0000956","http://amigo.geneontology.org/amigo/term/GO:0000956","6.96447921484e-54"
"protein transport","1222","GO:0015031","http://amigo.geneontology.org/amigo/term/GO:0015031","1.60327809767e-53"
"establishment of protein localization","1304","GO:0045184","http://amigo.geneontology.org/amigo/term/GO:0045184","6.78089920206e-53"
"protein localization to organelle","524","GO:0033365","http://amigo.geneontology.org/amigo/term/GO:0033365","2.5299887445e-52"
"mRNA catabolic process","192","GO:0006402","http://amigo.geneontology.org/amigo/term/GO:0006402","3.54197061511e-52"
"cellular localization","2176","GO:0051641","http://amigo.geneontology.org/amigo/term/GO:0051641","3.55085874964e-52"
"translational elongation","200","GO:0006414","http://amigo.geneontology.org/amigo/term/GO:0006414","4.22220654834e-51"
"RNA catabolic process","221","GO:0006401","http://amigo.geneontology.org/amigo/term/GO:0006401","1.02634216121e-49"
"cellular protein localization","1150","GO:0034613","http://amigo.geneontology.org/amigo/term/GO:0034613","1.14582969508e-48"
"translational termination","171","GO:0006415","http://amigo.geneontology.org/amigo/term/GO:0006415","1.27041777663e-48"
"cellular protein complex disassembly","200","GO:0043624","http://amigo.geneontology.org/amigo/term/GO:0043624","1.45027607271e-48"
"membrane organization","870","GO:0061024","http://amigo.geneontology.org/amigo/term/GO:0061024","2.15589274969e-48"
"cellular macromolecule localization","1158","GO:0070727","http://amigo.geneontology.org/amigo/term/GO:0070727","2.35401372424e-48"
"cellular component organization","4920","GO:0016043","http://amigo.geneontology.org/amigo/term/GO:0016043","6.00219176295e-48"
"single-organism cellular localization","844","GO:1902580","http://amigo.geneontology.org/amigo/term/GO:1902580","8.25617636013e-48"
"protein localization to membrane","387","GO:0072657","http://amigo.geneontology.org/amigo/term/GO:0072657","1.41451811525e-47"
"cellular component organization or biogenesis","5042","GO:0071840","http://amigo.geneontology.org/amigo/term/GO:0071840","3.1067937383e-47"
"protein complex subunit organization","1396","GO:0071822","http://amigo.geneontology.org/amigo/term/GO:0071822","4.20091484554e-47"
"translational initiation","228","GO:0006413","http://amigo.geneontology.org/amigo/term/GO:0006413","1.8950991568e-46"
"protein complex disassembly","220","GO:0043241","http://amigo.geneontology.org/amigo/term/GO:0043241","3.811501334e-46"
"metabolic process","9836","GO:0008152","http://amigo.geneontology.org/amigo/term/GO:0008152","4.61775692188e-46"
"macromolecular complex subunit organization","2048","GO:0043933","http://amigo.geneontology.org/amigo/term/GO:0043933","6.12031083092e-46"
"macromolecular complex disassembly","228","GO:0032984","http://amigo.geneontology.org/amigo/term/GO:0032984","3.04884062677e-45"
"transport","3738","GO:0006810","http://amigo.geneontology.org/amigo/term/GO:0006810","1.37744328818e-44"
"establishment of localization","3844","GO:0051234","http://amigo.geneontology.org/amigo/term/GO:0051234","1.39660312808e-44"
"cellular macromolecule catabolic process","761","GO:0044265","http://amigo.geneontology.org/amigo/term/GO:0044265","1.51869709009e-44"
"organic substance transport","1897","GO:0071702","http://amigo.geneontology.org/amigo/term/GO:0071702","3.80889517988e-44"
"cellular metabolic process","8461","GO:0044237","http://amigo.geneontology.org/amigo/term/GO:0044237","2.62990748154e-43"
"protein localization","1699","GO:0008104","http://amigo.geneontology.org/amigo/term/GO:0008104","4.85882108328e-43"
"single-organism membrane organization","706","GO:0044802","http://amigo.geneontology.org/amigo/term/GO:0044802","1.05199279185e-42"
"single-organism transport","3098","GO:0044765","http://amigo.geneontology.org/amigo/term/GO:0044765","1.4403051747e-42"
"macromolecule localization","2022","GO:0033036","http://amigo.geneontology.org/amigo/term/GO:0033036","2.76532182495e-42"
"macromolecule catabolic process","895","GO:0009057","http://amigo.geneontology.org/amigo/term/GO:0009057","5.23249651372e-42"
"cellular process","14118","GO:0009987","http://amigo.geneontology.org/amigo/term/GO:0009987","1.40003598228e-41"
"multi-organism process","2165","GO:0051704","http://amigo.geneontology.org/amigo/term/GO:0051704","7.85739851183e-41"
"organic substance metabolic process","8883","GO:0071704","http://amigo.geneontology.org/amigo/term/GO:0071704","4.49341620233e-40"
"single-organism localization","3303","GO:1902578","http://amigo.geneontology.org/amigo/term/GO:1902578","7.18852934892e-40"
"nucleobase-containing compound catabolic process","342","GO:0034655","http://amigo.geneontology.org/amigo/term/GO:0034655","2.52280381571e-39"
"cellular component disassembly","492","GO:0022411","http://amigo.geneontology.org/amigo/term/GO:0022411","2.52464287232e-39"
"cellular protein metabolic process","3375","GO:0044267","http://amigo.geneontology.org/amigo/term/GO:0044267","3.67922014871e-39"
"primary metabolic process","8563","GO:0044238","http://amigo.geneontology.org/amigo/term/GO:0044238","6.92503025578e-39"
"single-organism cellular process","11370","GO:0044763","http://amigo.geneontology.org/amigo/term/GO:0044763","3.14467225496e-38"
"cellular nitrogen compound catabolic process","383","GO:0044270","http://amigo.geneontology.org/amigo/term/GO:0044270","2.1762821914e-37"
"heterocycle catabolic process","383","GO:0046700","http://amigo.geneontology.org/amigo/term/GO:0046700","2.1762821914e-37"
"aromatic compound catabolic process","393","GO:0019439","http://amigo.geneontology.org/amigo/term/GO:0019439","1.03447835668e-36"
"localization","4680","GO:0051179","http://amigo.geneontology.org/amigo/term/GO:0051179","2.7772493765e-36"
"single-organism process","12720","GO:0044699","http://amigo.geneontology.org/amigo/term/GO:0044699","4.80595093646e-36"
"biological_process","16525","GO:0008150","http://amigo.geneontology.org/amigo/term/GO:0008150","9.39151046168e-35"
"organic cyclic compound catabolic process","424","GO:1901361","http://amigo.geneontology.org/amigo/term/GO:1901361","9.94266059757e-35"
"cellular macromolecule metabolic process","6571","GO:0044260","http://amigo.geneontology.org/amigo/term/GO:0044260","1.85016764207e-34"
"protein metabolic process","4043","GO:0019538","http://amigo.geneontology.org/amigo/term/GO:0019538","1.90264157748e-34"
"macromolecule metabolic process","7257","GO:0043170","http://amigo.geneontology.org/amigo/term/GO:0043170","8.01205624138e-33"
"organic substance catabolic process","1497","GO:1901575","http://amigo.geneontology.org/amigo/term/GO:1901575","8.38198632515e-33"
"cellular catabolic process","1408","GO:0044248","http://amigo.geneontology.org/amigo/term/GO:0044248","2.04060959772e-32"
"nucleobase-containing compound metabolic process","4360","GO:0006139","http://amigo.geneontology.org/amigo/term/GO:0006139","2.23990022018e-31"
"cellular nitrogen compound metabolic process","4895","GO:0034641","http://amigo.geneontology.org/amigo/term/GO:0034641","1.89288240355e-30"
"heterocycle metabolic process","4561","GO:0046483","http://amigo.geneontology.org/amigo/term/GO:0046483","3.58849495218e-30"
"nitrogen compound metabolic process","5263","GO:0006807","http://amigo.geneontology.org/amigo/term/GO:0006807","7.23724397637e-30"
"catabolic process","1723","GO:0009056","http://amigo.geneontology.org/amigo/term/GO:0009056","7.35800808619e-30"
"cellular aromatic compound metabolic process","4563","GO:0006725","http://amigo.geneontology.org/amigo/term/GO:0006725","1.30948307549e-29"
"gene expression","3807","GO:0010467","http://amigo.geneontology.org/amigo/term/GO:0010467","5.22587945447e-28"
"organic cyclic compound metabolic process","4806","GO:1901360","http://amigo.geneontology.org/amigo/term/GO:1901360","6.03628015272e-28"
"biosynthetic process","4657","GO:0009058","http://amigo.geneontology.org/amigo/term/GO:0009058","8.50631922244e-25"
"organic substance biosynthetic process","4571","GO:1901576","http://amigo.geneontology.org/amigo/term/GO:1901576","2.15947217893e-24"
"cellular biosynthetic process","4478","GO:0044249","http://amigo.geneontology.org/amigo/term/GO:0044249","1.35273597267e-23"
"nucleic acid metabolic process","3866","GO:0090304","http://amigo.geneontology.org/amigo/term/GO:0090304","4.38952109203e-23"
"cellular component biogenesis","1956","GO:0044085","http://amigo.geneontology.org/amigo/term/GO:0044085","1.49589591541e-22"
"mitotic cell cycle","786","GO:0000278","http://amigo.geneontology.org/amigo/term/GO:0000278","3.91509536851e-20"
"organelle organization","2891","GO:0006996","http://amigo.geneontology.org/amigo/term/GO:0006996","1.28075237638e-19"
"cellular component assembly","1788","GO:0022607","http://amigo.geneontology.org/amigo/term/GO:0022607","1.7657857496e-19"
"RNA metabolic process","3366","GO:0016070","http://amigo.geneontology.org/amigo/term/GO:0016070","1.79161481092e-19"
"macromolecule biosynthetic process","3638","GO:0009059","http://amigo.geneontology.org/amigo/term/GO:0009059","7.67453134371e-19"
"mitotic cell cycle process","716","GO:1903047","http://amigo.geneontology.org/amigo/term/GO:1903047","9.47353781258e-19"
"nucleobase-containing compound biosynthetic process","2952","GO:0034654","http://amigo.geneontology.org/amigo/term/GO:0034654","2.69586312908e-18"
"heterocycle biosynthetic process","3033","GO:0018130","http://amigo.geneontology.org/amigo/term/GO:0018130","3.65866265731e-18"
"macromolecular complex assembly","1156","GO:0065003","http://amigo.geneontology.org/amigo/term/GO:0065003","9.74940357999e-18"
"aromatic compound biosynthetic process","3034","GO:0019438","http://amigo.geneontology.org/amigo/term/GO:0019438","1.11119041852e-17"
"cellular nitrogen compound biosynthetic process","3116","GO:0044271","http://amigo.geneontology.org/amigo/term/GO:0044271","1.50280315781e-17"
"cellular macromolecule biosynthetic process","3564","GO:0034645","http://amigo.geneontology.org/amigo/term/GO:0034645","1.81075797006e-17"
"generation of precursor metabolites and energy","403","GO:0006091","http://amigo.geneontology.org/amigo/term/GO:0006091","4.32146483924e-17"
"cell cycle","1297","GO:0007049","http://amigo.geneontology.org/amigo/term/GO:0007049","4.38021842265e-17"
"organic cyclic compound biosynthetic process","3164","GO:1901362","http://amigo.geneontology.org/amigo/term/GO:1901362","6.09435979218e-17"
"cell cycle process","1041","GO:0022402","http://amigo.geneontology.org/amigo/term/GO:0022402","1.06135096817e-16"
"cell cycle phase transition","310","GO:0044770","http://amigo.geneontology.org/amigo/term/GO:0044770","2.71834070372e-16"
"RNA splicing","337","GO:0008380","http://amigo.geneontology.org/amigo/term/GO:0008380","7.12514285145e-16"
"cellular macromolecular complex assembly","590","GO:0034622","http://amigo.geneontology.org/amigo/term/GO:0034622","6.46662289086e-15"
"mitotic cell cycle phase transition","306","GO:0044772","http://amigo.geneontology.org/amigo/term/GO:0044772","8.61423051227e-15"
"mRNA splicing, via spliceosome","222","GO:0000398","http://amigo.geneontology.org/amigo/term/GO:0000398","1.0248812521e-14"
"RNA splicing, via transesterification reactions with bulged adenosine as nucleophile","222","GO:0000377","http://amigo.geneontology.org/amigo/term/GO:0000377","1.0248812521e-14"
"RNA splicing, via transesterification reactions","225","GO:0000375","http://amigo.geneontology.org/amigo/term/GO:0000375","1.51226117418e-14"
"energy derivation by oxidation of organic compounds","334","GO:0015980","http://amigo.geneontology.org/amigo/term/GO:0015980","2.28728199784e-14"
"protein folding","224","GO:0006457","http://amigo.geneontology.org/amigo/term/GO:0006457","1.05478898926e-13"
"ribonucleoprotein complex biogenesis","334","GO:0022613","http://amigo.geneontology.org/amigo/term/GO:0022613","1.45440190039e-13"
"RNA processing","703","GO:0006396","http://amigo.geneontology.org/amigo/term/GO:0006396","4.46592738497e-13"
"mitochondrial transmembrane transport","51","GO:1990542","http://amigo.geneontology.org/amigo/term/GO:1990542","4.66876998716e-13"
"mRNA processing","394","GO:0006397","http://amigo.geneontology.org/amigo/term/GO:0006397","8.88907683433e-13"
"ribonucleoprotein complex assembly","170","GO:0022618","http://amigo.geneontology.org/amigo/term/GO:0022618","3.0674268109e-12"
"mitotic cell cycle phase","294","GO:0098763","http://amigo.geneontology.org/amigo/term/GO:0098763","4.77748373716e-12"
"cell cycle phase","296","GO:0022403","http://amigo.geneontology.org/amigo/term/GO:0022403","5.8034524359e-12"
"biological phase","300","GO:0044848","http://amigo.geneontology.org/amigo/term/GO:0044848","8.52402982199e-12"
"ribonucleoprotein complex subunit organization","179","GO:0071826","http://amigo.geneontology.org/amigo/term/GO:0071826","1.04952136108e-11"
"oxidation-reduction process","1003","GO:0055114","http://amigo.geneontology.org/amigo/term/GO:0055114","1.09767149419e-11"
"cytoplasmic translation","28","GO:0002181","http://amigo.geneontology.org/amigo/term/GO:0002181","1.27111641089e-11"
"response to organic substance","2523","GO:0010033","http://amigo.geneontology.org/amigo/term/GO:0010033","3.45080833506e-11"
"small molecule metabolic process","2219","GO:0044281","http://amigo.geneontology.org/amigo/term/GO:0044281","5.02567176485e-11"
"ribosome assembly","48","GO:0042255","http://amigo.geneontology.org/amigo/term/GO:0042255","5.9771745187e-11"
"single-organism metabolic process","4361","GO:0044710","http://amigo.geneontology.org/amigo/term/GO:0044710","6.74963166183e-11"
"mitochondrial ATP synthesis coupled proton transport","19","GO:0042776","http://amigo.geneontology.org/amigo/term/GO:0042776","8.8196034495e-11"
"response to chemical","3863","GO:0042221","http://amigo.geneontology.org/amigo/term/GO:0042221","1.17154025929e-10"
"RNA biosynthetic process","2671","GO:0032774","http://amigo.geneontology.org/amigo/term/GO:0032774","2.43452722997e-10"
"ribonucleoside triphosphate metabolic process","195","GO:0009199","http://amigo.geneontology.org/amigo/term/GO:0009199","5.83836602349e-10"
"mitotic S phase","117","GO:0000084","http://amigo.geneontology.org/amigo/term/GO:0000084","6.08872109222e-10"
"ribosome biogenesis","215","GO:0042254","http://amigo.geneontology.org/amigo/term/GO:0042254","7.70753743799e-10"
"S phase","119","GO:0051320","http://amigo.geneontology.org/amigo/term/GO:0051320","8.38235708245e-10"
"mitotic M phase","221","GO:0000087","http://amigo.geneontology.org/amigo/term/GO:0000087","1.45380346922e-09"
"M phase","223","GO:0000279","http://amigo.geneontology.org/amigo/term/GO:0000279","1.78823122804e-09"
"response to stress","3559","GO:0006950","http://amigo.geneontology.org/amigo/term/GO:0006950","1.86038653042e-09"
"ATP metabolic process","174","GO:0046034","http://amigo.geneontology.org/amigo/term/GO:0046034","2.66468497257e-09"
"ribonucleoside monophosphate metabolic process","211","GO:0009161","http://amigo.geneontology.org/amigo/term/GO:0009161","3.39550356006e-09"
"antigen processing and presentation of exogenous peptide antigen via MHC class I, TAP-dependent","75","GO:0002479","http://amigo.geneontology.org/amigo/term/GO:0002479","3.9209561224e-09"
"mitotic interphase","131","GO:0051329","http://amigo.geneontology.org/amigo/term/GO:0051329","5.07129716238e-09"
"ATP synthesis coupled proton transport","27","GO:0015986","http://amigo.geneontology.org/amigo/term/GO:0015986","5.18339601705e-09"
"energy coupled proton transport, down electrochemical gradient","27","GO:0015985","http://amigo.geneontology.org/amigo/term/GO:0015985","5.18339601705e-09"
"posttranscriptional regulation of gene expression","356","GO:0010608","http://amigo.geneontology.org/amigo/term/GO:0010608","5.38190270501e-09"
"nucleoside triphosphate metabolic process","216","GO:0009141","http://amigo.geneontology.org/amigo/term/GO:0009141","5.70203955797e-09"
"purine ribonucleoside monophosphate metabolic process","198","GO:0009167","http://amigo.geneontology.org/amigo/term/GO:0009167","5.73140473201e-09"
"purine nucleoside monophosphate metabolic process","199","GO:0009126","http://amigo.geneontology.org/amigo/term/GO:0009126","6.38395280814e-09"
"interphase","133","GO:0051325","http://amigo.geneontology.org/amigo/term/GO:0051325","6.72300345429e-09"
"antigen processing and presentation of peptide antigen via MHC class I","104","GO:0002474","http://amigo.geneontology.org/amigo/term/GO:0002474","6.95357884262e-09"
"ribonucleoside triphosphate biosynthetic process","55","GO:0009201","http://amigo.geneontology.org/amigo/term/GO:0009201","7.033855132e-09"
"antigen processing and presentation of exogenous peptide antigen via MHC class I","79","GO:0042590","http://amigo.geneontology.org/amigo/term/GO:0042590","8.82258521361e-09"
"nucleoside monophosphate metabolic process","222","GO:0009123","http://amigo.geneontology.org/amigo/term/GO:0009123","1.04283004792e-08"
"ATP biosynthetic process","38","GO:0006754","http://amigo.geneontology.org/amigo/term/GO:0006754","1.45546236212e-08"
"purine ribonucleoside triphosphate metabolic process","189","GO:0009205","http://amigo.geneontology.org/amigo/term/GO:0009205","1.47736478934e-08"
"'de novo' posttranslational protein folding","48","GO:0051084","http://amigo.geneontology.org/amigo/term/GO:0051084","1.67883231271e-08"
"cell cycle G2/M phase transition","142","GO:0044839","http://amigo.geneontology.org/amigo/term/GO:0044839","2.2588692997e-08"
"G2/M transition of mitotic cell cycle","142","GO:0000086","http://amigo.geneontology.org/amigo/term/GO:0000086","2.2588692997e-08"
"purine nucleoside triphosphate metabolic process","197","GO:0009144","http://amigo.geneontology.org/amigo/term/GO:0009144","3.45639311084e-08"
"response to stimulus","7577","GO:0050896","http://amigo.geneontology.org/amigo/term/GO:0050896","4.33978514604e-08"
"'de novo' protein folding","52","GO:0006458","http://amigo.geneontology.org/amigo/term/GO:0006458","4.79098182507e-08"
"programmed cell death","1067","GO:0012501","http://amigo.geneontology.org/amigo/term/GO:0012501","5.9140408672e-08"
"nucleoside triphosphate biosynthetic process","66","GO:0009142","http://amigo.geneontology.org/amigo/term/GO:0009142","8.88761038901e-08"
"antigen processing and presentation of peptide antigen","188","GO:0048002","http://amigo.geneontology.org/amigo/term/GO:0048002","8.93905677093e-08"
"antigen processing and presentation of exogenous peptide antigen","171","GO:0002478","http://amigo.geneontology.org/amigo/term/GO:0002478","9.76114716298e-08"
"cell cycle G1/S phase transition","172","GO:0044843","http://amigo.geneontology.org/amigo/term/GO:0044843","1.08978228564e-07"
"G1/S transition of mitotic cell cycle","172","GO:0000082","http://amigo.geneontology.org/amigo/term/GO:0000082","1.08978228564e-07"
"ribose phosphate metabolic process","333","GO:0019693","http://amigo.geneontology.org/amigo/term/GO:0019693","1.22846547734e-07"
"regulation of cell death","1505","GO:0010941","http://amigo.geneontology.org/amigo/term/GO:0010941","1.31041226788e-07"
"ribosomal large subunit biogenesis","36","GO:0042273","http://amigo.geneontology.org/amigo/term/GO:0042273","1.39313850973e-07"
"protein complex assembly","940","GO:0006461","http://amigo.geneontology.org/amigo/term/GO:0006461","1.40825670842e-07"
"protein complex biogenesis","940","GO:0070271","http://amigo.geneontology.org/amigo/term/GO:0070271","1.40825670842e-07"
"antigen processing and presentation of exogenous antigen","178","GO:0019884","http://amigo.geneontology.org/amigo/term/GO:0019884","2.07835025385e-07"
"regulation of programmed cell death","1422","GO:0043067","http://amigo.geneontology.org/amigo/term/GO:0043067","2.12192227099e-07"
"respiratory electron transport chain","128","GO:0022904","http://amigo.geneontology.org/amigo/term/GO:0022904","2.32702453714e-07"
"ribonucleotide metabolic process","320","GO:0009259","http://amigo.geneontology.org/amigo/term/GO:0009259","2.35625073035e-07"
"apoptotic process","1045","GO:0006915","http://amigo.geneontology.org/amigo/term/GO:0006915","2.42988009595e-07"
"cell death","1109","GO:0008219","http://amigo.geneontology.org/amigo/term/GO:0008219","2.64238074298e-07"
"ribonucleoside metabolic process","300","GO:0009119","http://amigo.geneontology.org/amigo/term/GO:0009119","2.68373291948e-07"
"positive regulation of ubiquitin-protein ligase activity involved in regulation of mitotic cell cycle transition","72","GO:0051437","http://amigo.geneontology.org/amigo/term/GO:0051437","2.9420454116e-07"
"electron transport chain","130","GO:0022900","http://amigo.geneontology.org/amigo/term/GO:0022900","3.01305550457e-07"
"death","1114","GO:0016265","http://amigo.geneontology.org/amigo/term/GO:0016265","3.13974295499e-07"
"purine ribonucleoside triphosphate biosynthetic process","49","GO:0009206","http://amigo.geneontology.org/amigo/term/GO:0009206","3.25587934054e-07"
"regulation of apoptotic process","1405","GO:0042981","http://amigo.geneontology.org/amigo/term/GO:0042981","3.42844489157e-07"
"cellular response to stress","1680","GO:0033554","http://amigo.geneontology.org/amigo/term/GO:0033554","4.09262064949e-07"
"purine nucleoside triphosphate biosynthetic process","50","GO:0009145","http://amigo.geneontology.org/amigo/term/GO:0009145","4.15854654673e-07"
"purine ribonucleoside monophosphate biosynthetic process","62","GO:0009168","http://amigo.geneontology.org/amigo/term/GO:0009168","4.69629811957e-07"
"purine nucleoside monophosphate biosynthetic process","62","GO:0009127","http://amigo.geneontology.org/amigo/term/GO:0009127","4.69629811957e-07"
"antigen processing and presentation","225","GO:0019882","http://amigo.geneontology.org/amigo/term/GO:0019882","5.05114183978e-07"
"ribonucleoside monophosphate biosynthetic process","75","GO:0009156","http://amigo.geneontology.org/amigo/term/GO:0009156","5.14165318967e-07"
"mitochondrial transport","153","GO:0006839","http://amigo.geneontology.org/amigo/term/GO:0006839","6.39795559177e-07"
"immune response-activating cell surface receptor signaling pathway","293","GO:0002429","http://amigo.geneontology.org/amigo/term/GO:0002429","7.9996208197e-07"
"cellular response to stimulus","6182","GO:0051716","http://amigo.geneontology.org/amigo/term/GO:0051716","1.07649194764e-06"
"nucleocytoplasmic transport","234","GO:0006913","http://amigo.geneontology.org/amigo/term/GO:0006913","1.09984453692e-06"
"purine ribonucleoside metabolic process","276","GO:0046128","http://amigo.geneontology.org/amigo/term/GO:0046128","1.12656391223e-06"
"glycosyl compound metabolic process","343","GO:1901657","http://amigo.geneontology.org/amigo/term/GO:1901657","1.16298828063e-06"
"purine nucleoside metabolic process","279","GO:0042278","http://amigo.geneontology.org/amigo/term/GO:0042278","1.41323850563e-06"
"ribosomal large subunit assembly","18","GO:0000027","http://amigo.geneontology.org/amigo/term/GO:0000027","1.43970195101e-06"
"nucleoside metabolic process","325","GO:0009116","http://amigo.geneontology.org/amigo/term/GO:0009116","1.60486370489e-06"
"nuclear transport","239","GO:0051169","http://amigo.geneontology.org/amigo/term/GO:0051169","1.66852690166e-06"
"nucleoside monophosphate biosynthetic process","82","GO:0009124","http://amigo.geneontology.org/amigo/term/GO:0009124","1.72830280454e-06"
"purine ribonucleotide metabolic process","305","GO:0009150","http://amigo.geneontology.org/amigo/term/GO:0009150","1.90243570083e-06"
"anaphase-promoting complex-dependent proteasomal ubiquitin-dependent protein catabolic process","83","GO:0031145","http://amigo.geneontology.org/amigo/term/GO:0031145","2.03591718975e-06"
"hydrogen ion transmembrane transport","114","GO:1902600","http://amigo.geneontology.org/amigo/term/GO:1902600","2.39082850656e-06"
"circadian rhythm","148","GO:0007623","http://amigo.geneontology.org/amigo/term/GO:0007623","2.55576224126e-06"
"nucleotide metabolic process","479","GO:0009117","http://amigo.geneontology.org/amigo/term/GO:0009117","2.74455615757e-06"
"regulation of response to stress","1316","GO:0080134","http://amigo.geneontology.org/amigo/term/GO:0080134","3.26914474529e-06"
"positive regulation of protein ubiquitination involved in ubiquitin-dependent protein catabolic process","86","GO:2000060","http://amigo.geneontology.org/amigo/term/GO:2000060","3.28546897014e-06"
"nucleoside phosphate metabolic process","485","GO:0006753","http://amigo.geneontology.org/amigo/term/GO:0006753","3.76016377581e-06"
"cellular response to chemical stimulus","2275","GO:0070887","http://amigo.geneontology.org/amigo/term/GO:0070887","4.06975254169e-06"
"single-organism organelle organization","1949","GO:1902589","http://amigo.geneontology.org/amigo/term/GO:1902589","4.35863844601e-06"
"stimulatory C-type lectin receptor signaling pathway","119","GO:0002223","http://amigo.geneontology.org/amigo/term/GO:0002223","4.53137223441e-06"
"ribonucleotide biosynthetic process","136","GO:0009260","http://amigo.geneontology.org/amigo/term/GO:0009260","4.66137967331e-06"
"positive regulation of ubiquitin-protein transferase activity","89","GO:0051443","http://amigo.geneontology.org/amigo/term/GO:0051443","5.20601468876e-06"
"energy reserve metabolic process","155","GO:0006112","http://amigo.geneontology.org/amigo/term/GO:0006112","5.41773322449e-06"
"nucleobase-containing small molecule metabolic process","545","GO:0055086","http://amigo.geneontology.org/amigo/term/GO:0055086","5.47039967007e-06"
"innate immune response activating cell surface receptor signaling pathway","122","GO:0002220","http://amigo.geneontology.org/amigo/term/GO:0002220","6.55405613486e-06"
"ribonucleoside biosynthetic process","106","GO:0042455","http://amigo.geneontology.org/amigo/term/GO:0042455","6.71005867644e-06"
"regulation of ubiquitin-protein ligase activity involved in mitotic cell cycle","91","GO:0051439","http://amigo.geneontology.org/amigo/term/GO:0051439","7.008647442e-06"
"ribose phosphate biosynthetic process","140","GO:0046390","http://amigo.geneontology.org/amigo/term/GO:0046390","7.30634465815e-06"
"cellular respiration","177","GO:0045333","http://amigo.geneontology.org/amigo/term/GO:0045333","7.63608104785e-06"
"purine nucleotide metabolic process","327","GO:0006163","http://amigo.geneontology.org/amigo/term/GO:0006163","8.37241631715e-06"
"proteasome-mediated ubiquitin-dependent protein catabolic process","305","GO:0043161","http://amigo.geneontology.org/amigo/term/GO:0043161","8.94591966516e-06"
"RNA stabilization","31","GO:0043489","http://amigo.geneontology.org/amigo/term/GO:0043489","9.22020781628e-06"
"mRNA stabilization","31","GO:0048255","http://amigo.geneontology.org/amigo/term/GO:0048255","9.22020781628e-06"
"positive regulation of ligase activity","94","GO:0051351","http://amigo.geneontology.org/amigo/term/GO:0051351","1.0801164834e-05"
"regulation of protein ubiquitination involved in ubiquitin-dependent protein catabolic process","95","GO:2000058","http://amigo.geneontology.org/amigo/term/GO:2000058","1.24333264147e-05"
"immune system process","2107","GO:0002376","http://amigo.geneontology.org/amigo/term/GO:0002376","1.32567957796e-05"
"proteolysis involved in cellular protein catabolic process","485","GO:0051603","http://amigo.geneontology.org/amigo/term/GO:0051603","1.41455696018e-05"
"proteasomal protein catabolic process","313","GO:0010498","http://amigo.geneontology.org/amigo/term/GO:0010498","1.51703515752e-05"
"signal transduction involved in mitotic G1 DNA damage checkpoint","68","GO:0072431","http://amigo.geneontology.org/amigo/term/GO:0072431","1.6400159092e-05"
"intracellular signal transduction involved in G1 DNA damage checkpoint","68","GO:1902400","http://amigo.geneontology.org/amigo/term/GO:1902400","1.6400159092e-05"
"regulation of cell cycle process","515","GO:0010564","http://amigo.geneontology.org/amigo/term/GO:0010564","1.68251824541e-05"
"signal transduction involved in mitotic cell cycle checkpoint","69","GO:0072413","http://amigo.geneontology.org/amigo/term/GO:0072413","1.94756364637e-05"
"signal transduction involved in mitotic DNA integrity checkpoint","69","GO:1902403","http://amigo.geneontology.org/amigo/term/GO:1902403","1.94756364637e-05"
"signal transduction involved in mitotic DNA damage checkpoint","69","GO:1902402","http://amigo.geneontology.org/amigo/term/GO:1902402","1.94756364637e-05"
"nucleoside biosynthetic process","115","GO:0009163","http://amigo.geneontology.org/amigo/term/GO:0009163","2.10133860428e-05"
"proton transport","151","GO:0015992","http://amigo.geneontology.org/amigo/term/GO:0015992","2.33664365947e-05"
"glycosyl compound biosynthetic process","116","GO:1901659","http://amigo.geneontology.org/amigo/term/GO:1901659","2.37042489967e-05"
"signal transduction involved in DNA damage checkpoint","71","GO:0072422","http://amigo.geneontology.org/amigo/term/GO:0072422","2.72430713935e-05"
"signal transduction involved in DNA integrity checkpoint","71","GO:0072401","http://amigo.geneontology.org/amigo/term/GO:0072401","2.72430713935e-05"
"hydrogen transport","153","GO:0006818","http://amigo.geneontology.org/amigo/term/GO:0006818","2.85593559539e-05"
"cell cycle checkpoint","255","GO:0000075","http://amigo.geneontology.org/amigo/term/GO:0000075","2.94150880311e-05"
"cellular protein catabolic process","501","GO:0044257","http://amigo.geneontology.org/amigo/term/GO:0044257","3.09093626581e-05"
"signal transduction involved in cell cycle checkpoint","72","GO:0072395","http://amigo.geneontology.org/amigo/term/GO:0072395","3.20953979096e-05"
"regulation of catabolic process","790","GO:0009894","http://amigo.geneontology.org/amigo/term/GO:0009894","3.69198015067e-05"
"purine-containing compound metabolic process","377","GO:0072521","http://amigo.geneontology.org/amigo/term/GO:0072521","3.99070777846e-05"
"ER-associated ubiquitin-dependent protein catabolic process","60","GO:0030433","http://amigo.geneontology.org/amigo/term/GO:0030433","4.16912680514e-05"
"immune response-activating signal transduction","403","GO:0002757","http://amigo.geneontology.org/amigo/term/GO:0002757","4.20616741352e-05"
"positive regulation of biological process","5253","GO:0048518","http://amigo.geneontology.org/amigo/term/GO:0048518","5.29802933596e-05"
"purine ribonucleotide biosynthetic process","123","GO:0009152","http://amigo.geneontology.org/amigo/term/GO:0009152","5.3353414896e-05"
"negative regulation of biological process","4346","GO:0048519","http://amigo.geneontology.org/amigo/term/GO:0048519","5.5896891497e-05"
"anaphase","160","GO:0051322","http://amigo.geneontology.org/amigo/term/GO:0051322","5.62990436605e-05"
"mitotic anaphase","160","GO:0000090","http://amigo.geneontology.org/amigo/term/GO:0000090","5.62990436605e-05"
"ncRNA metabolic process","409","GO:0034660","http://amigo.geneontology.org/amigo/term/GO:0034660","5.79155444746e-05"
"regulation of translation","288","GO:0006417","http://amigo.geneontology.org/amigo/term/GO:0006417","6.03072412205e-05"
"positive regulation of proteolysis involved in cellular protein catabolic process","161","GO:1903052","http://amigo.geneontology.org/amigo/term/GO:1903052","6.18523467005e-05"
"purine ribonucleoside biosynthetic process","92","GO:0046129","http://amigo.geneontology.org/amigo/term/GO:0046129","6.87405736843e-05"
"purine nucleoside biosynthetic process","92","GO:0042451","http://amigo.geneontology.org/amigo/term/GO:0042451","6.87405736843e-05"
"mitotic G1 DNA damage checkpoint","77","GO:0031571","http://amigo.geneontology.org/amigo/term/GO:0031571","7.02459313307e-05"
"ubiquitin-dependent protein catabolic process","439","GO:0006511","http://amigo.geneontology.org/amigo/term/GO:0006511","7.18725435364e-05"
"nucleotide biosynthetic process","203","GO:0009165","http://amigo.geneontology.org/amigo/term/GO:0009165","7.39329105973e-05"
"mitotic G1/S transition checkpoint","78","GO:0044819","http://amigo.geneontology.org/amigo/term/GO:0044819","8.16013598264e-05"
"G1 DNA damage checkpoint","78","GO:0044783","http://amigo.geneontology.org/amigo/term/GO:0044783","8.16013598264e-05"
"negative regulation of metabolic process","2461","GO:0009892","http://amigo.geneontology.org/amigo/term/GO:0009892","8.50517894217e-05"
"nucleoside phosphate biosynthetic process","206","GO:1901293","http://amigo.geneontology.org/amigo/term/GO:1901293","9.39011404328e-05"
"negative regulation of cellular process","4000","GO:0048523","http://amigo.geneontology.org/amigo/term/GO:0048523","9.44330316739e-05"
"purine nucleotide biosynthetic process","129","GO:0006164","http://amigo.geneontology.org/amigo/term/GO:0006164","0.000102598224964"
"modification-dependent protein catabolic process","447","GO:0019941","http://amigo.geneontology.org/amigo/term/GO:0019941","0.000106881101971"
"activation of immune response","449","GO:0002253","http://amigo.geneontology.org/amigo/term/GO:0002253","0.00011784913137"
"regulation of protein catabolic process","423","GO:0042176","http://amigo.geneontology.org/amigo/term/GO:0042176","0.000119259931052"
"DNA damage response, signal transduction by p53 class mediator resulting in cell cycle arrest","67","GO:0006977","http://amigo.geneontology.org/amigo/term/GO:0006977","0.000138325973682"
"modification-dependent macromolecule catabolic process","453","GO:0043632","http://amigo.geneontology.org/amigo/term/GO:0043632","0.00014302200352"
"response to heat","151","GO:0009408","http://amigo.geneontology.org/amigo/term/GO:0009408","0.000145734388072"
"immune response-regulating cell surface receptor signaling pathway","402","GO:0002768","http://amigo.geneontology.org/amigo/term/GO:0002768","0.000153109511281"
"regulation of protein metabolic process","2378","GO:0051246","http://amigo.geneontology.org/amigo/term/GO:0051246","0.00015768315849"
"toxin transport","42","GO:1901998","http://amigo.geneontology.org/amigo/term/GO:1901998","0.000158214709017"
"ERAD pathway","68","GO:0036503","http://amigo.geneontology.org/amigo/term/GO:0036503","0.00016231896816"
"positive regulation of proteolysis","353","GO:0045862","http://amigo.geneontology.org/amigo/term/GO:0045862","0.000167495600693"
"positive regulation of cellular protein catabolic process","173","GO:1903364","http://amigo.geneontology.org/amigo/term/GO:1903364","0.000181603198785"
"regulation of cell cycle","930","GO:0051726","http://amigo.geneontology.org/amigo/term/GO:0051726","0.000182627601235"
"protein import","137","GO:0017038","http://amigo.geneontology.org/amigo/term/GO:0017038","0.00023260286156"
"DNA conformation change","219","GO:0071103","http://amigo.geneontology.org/amigo/term/GO:0071103","0.000252344701967"
"regulation of ubiquitin-protein transferase activity","120","GO:0051438","http://amigo.geneontology.org/amigo/term/GO:0051438","0.000263677663059"
"protein catabolic process","549","GO:0030163","http://amigo.geneontology.org/amigo/term/GO:0030163","0.000265473649741"
"negative regulation of G1/S transition of mitotic cell cycle","103","GO:2000134","http://amigo.geneontology.org/amigo/term/GO:2000134","0.000274261438554"
"positive regulation of immune response","581","GO:0050778","http://amigo.geneontology.org/amigo/term/GO:0050778","0.000307589268076"
"cellular response to organic substance","1849","GO:0071310","http://amigo.geneontology.org/amigo/term/GO:0071310","0.000318169599097"
"positive regulation of cell cycle arrest","88","GO:0071158","http://amigo.geneontology.org/amigo/term/GO:0071158","0.000327362566351"
"rhythmic process","292","GO:0048511","http://amigo.geneontology.org/amigo/term/GO:0048511","0.000339345916599"
"chromosome segregation","202","GO:0007059","http://amigo.geneontology.org/amigo/term/GO:0007059","0.000354688598951"
"organophosphate biosynthetic process","446","GO:0090407","http://amigo.geneontology.org/amigo/term/GO:0090407","0.000364974737351"
"tRNA aminoacylation for protein translation","46","GO:0006418","http://amigo.geneontology.org/amigo/term/GO:0006418","0.000366167806965"
"organophosphate metabolic process","827","GO:0019637","http://amigo.geneontology.org/amigo/term/GO:0019637","0.000382390362552"
"response to abiotic stimulus","1118","GO:0009628","http://amigo.geneontology.org/amigo/term/GO:0009628","0.000383119570042"
"negative regulation of cell cycle G1/S phase transition","106","GO:1902807","http://amigo.geneontology.org/amigo/term/GO:1902807","0.000388464417421"
"DNA damage response, detection of DNA damage","35","GO:0042769","http://amigo.geneontology.org/amigo/term/GO:0042769","0.000424606888176"
"regulation of mitotic cell cycle phase transition","249","GO:1901990","http://amigo.geneontology.org/amigo/term/GO:1901990","0.000430520879283"
"purine-containing compound biosynthetic process","144","GO:0072522","http://amigo.geneontology.org/amigo/term/GO:0072522","0.000455103598483"
"regulation of cell cycle G1/S phase transition","144","GO:1902806","http://amigo.geneontology.org/amigo/term/GO:1902806","0.000455103598483"
"chromosome organization","866","GO:0051276","http://amigo.geneontology.org/amigo/term/GO:0051276","0.000487749425888"
"multi-organism localization","36","GO:1902579","http://amigo.geneontology.org/amigo/term/GO:1902579","0.000537641776567"
"multi-organism transport","36","GO:0044766","http://amigo.geneontology.org/amigo/term/GO:0044766","0.000537641776567"
"regulation of ligase activity","127","GO:0051340","http://amigo.geneontology.org/amigo/term/GO:0051340","0.000544182006958"
"negative regulation of cell death","902","GO:0060548","http://amigo.geneontology.org/amigo/term/GO:0060548","0.00055575249174"
"CRD-mediated mRNA stabilization","5","GO:0070934","http://amigo.geneontology.org/amigo/term/GO:0070934","0.000578596860445"
"tRNA aminoacylation","49","GO:0043039","http://amigo.geneontology.org/amigo/term/GO:0043039","0.000653256164009"
"amino acid activation","49","GO:0043038","http://amigo.geneontology.org/amigo/term/GO:0043038","0.000653256164009"
"translesion synthesis","49","GO:0019985","http://amigo.geneontology.org/amigo/term/GO:0019985","0.000653256164009"
"negative regulation of programmed cell death","844","GO:0043069","http://amigo.geneontology.org/amigo/term/GO:0043069","0.000661447847211"
"spliceosomal snRNP assembly","37","GO:0000387","http://amigo.geneontology.org/amigo/term/GO:0000387","0.000676056594053"
"DNA metabolic process","721","GO:0006259","http://amigo.geneontology.org/amigo/term/GO:0006259","0.000688948440933"
"regulation of biological quality","3136","GO:0065008","http://amigo.geneontology.org/amigo/term/GO:0065008","0.000698391939308"
"innate immune response","943","GO:0045087","http://amigo.geneontology.org/amigo/term/GO:0045087","0.00072532037896"
"positive regulation of RNA polymerase II transcriptional preinitiation complex assembly","11","GO:0045899","http://amigo.geneontology.org/amigo/term/GO:0045899","0.000973621277603"
"negative regulation of ubiquitin-protein ligase activity involved in mitotic cell cycle","81","GO:0051436","http://amigo.geneontology.org/amigo/term/GO:0051436","0.00105068338055"
"response to endoplasmic reticulum stress","217","GO:0034976","http://amigo.geneontology.org/amigo/term/GO:0034976","0.00105462778641"
"regulation of metabolic process","6531","GO:0019222","http://amigo.geneontology.org/amigo/term/GO:0019222","0.0010584090475"
"negative regulation of macromolecule metabolic process","2134","GO:0010605","http://amigo.geneontology.org/amigo/term/GO:0010605","0.00106323121781"
"DNA biosynthetic process","82","GO:0071897","http://amigo.geneontology.org/amigo/term/GO:0071897","0.00119586778754"
"error-free translesion synthesis","19","GO:0070987","http://amigo.geneontology.org/amigo/term/GO:0070987","0.00120115862011"
"positive regulation of protein catabolic process","242","GO:0045732","http://amigo.geneontology.org/amigo/term/GO:0045732","0.00122638813084"
"immune response-regulating signaling pathway","501","GO:0002764","http://amigo.geneontology.org/amigo/term/GO:0002764","0.00122947394712"
"regulation of cell cycle phase transition","266","GO:1901987","http://amigo.geneontology.org/amigo/term/GO:1901987","0.00126652485509"
"negative regulation of apoptotic process","833","GO:0043066","http://amigo.geneontology.org/amigo/term/GO:0043066","0.00126715097793"
"regulation of G1/S transition of mitotic cell cycle","137","GO:2000045","http://amigo.geneontology.org/amigo/term/GO:2000045","0.00141721003622"
"positive regulation of protein modification by small protein conjugation or removal","178","GO:1903322","http://amigo.geneontology.org/amigo/term/GO:1903322","0.00146729855557"
"mitotic DNA damage checkpoint","101","GO:0044773","http://amigo.geneontology.org/amigo/term/GO:0044773","0.00155591218925"
"regulation of mRNA stability","54","GO:0043488","http://amigo.geneontology.org/amigo/term/GO:0043488","0.0015804509397"
"negative regulation of cellular metabolic process","2194","GO:0031324","http://amigo.geneontology.org/amigo/term/GO:0031324","0.00159376732759"
"nuclear import","102","GO:0051170","http://amigo.geneontology.org/amigo/term/GO:0051170","0.0017371934157"
"cellular response to heat","102","GO:0034605","http://amigo.geneontology.org/amigo/term/GO:0034605","0.0017371934157"
"regulation of immune response","844","GO:0050776","http://amigo.geneontology.org/amigo/term/GO:0050776","0.00177886243277"
"organelle assembly","428","GO:0070925","http://amigo.geneontology.org/amigo/term/GO:0070925","0.00192177790705"
"regulation of mitotic cell cycle","460","GO:0007346","http://amigo.geneontology.org/amigo/term/GO:0007346","0.00232869181956"
"signal transduction in response to DNA damage","105","GO:0042770","http://amigo.geneontology.org/amigo/term/GO:0042770","0.00240008365529"
"negative regulation of ubiquitin-protein transferase activity","88","GO:0051444","http://amigo.geneontology.org/amigo/term/GO:0051444","0.00250792725197"
"COPI-coated vesicle budding","13","GO:0035964","http://amigo.geneontology.org/amigo/term/GO:0035964","0.00256498222836"
"COPI coating of Golgi vesicle","13","GO:0048205","http://amigo.geneontology.org/amigo/term/GO:0048205","0.00256498222836"
"Golgi transport vesicle coating","13","GO:0048200","http://amigo.geneontology.org/amigo/term/GO:0048200","0.00256498222836"
"regulation of RNA stability","57","GO:0043487","http://amigo.geneontology.org/amigo/term/GO:0043487","0.00257416337372"
"regulation of cellular protein localization","491","GO:1903827","http://amigo.geneontology.org/amigo/term/GO:1903827","0.00262137908867"
"positive regulation of protein ubiquitination","165","GO:0031398","http://amigo.geneontology.org/amigo/term/GO:0031398","0.00275308227995"
"negative regulation of ligase activity","89","GO:0051352","http://amigo.geneontology.org/amigo/term/GO:0051352","0.00282145403585"
"regulation of protein localization","892","GO:0032880","http://amigo.geneontology.org/amigo/term/GO:0032880","0.00283889061761"
"multi-organism intracellular transport","32","GO:1902583","http://amigo.geneontology.org/amigo/term/GO:1902583","0.00288347003618"
"intracellular transport of virus","32","GO:0075733","http://amigo.geneontology.org/amigo/term/GO:0075733","0.00288347003618"
"mitotic DNA integrity checkpoint","107","GO:0044774","http://amigo.geneontology.org/amigo/term/GO:0044774","0.00295962817972"
"mitotic cell cycle checkpoint","166","GO:0007093","http://amigo.geneontology.org/amigo/term/GO:0007093","0.00297843704434"
"cell division","466","GO:0051301","http://amigo.geneontology.org/amigo/term/GO:0051301","0.00300217069468"
"postreplication repair","58","GO:0006301","http://amigo.geneontology.org/amigo/term/GO:0006301","0.00300966045087"
"regulation of cellular protein catabolic process","306","GO:1903362","http://amigo.geneontology.org/amigo/term/GO:1903362","0.00306814612273"
"positive regulation of catabolic process","467","GO:0009896","http://amigo.geneontology.org/amigo/term/GO:0009896","0.00313058181479"
"positive regulation of immune system process","863","GO:0002684","http://amigo.geneontology.org/amigo/term/GO:0002684","0.0031438527482"
"DNA damage response, signal transduction by p53 class mediator","90","GO:0030330","http://amigo.geneontology.org/amigo/term/GO:0030330","0.00316937574431"
"positive regulation of cellular catabolic process","412","GO:0031331","http://amigo.geneontology.org/amigo/term/GO:0031331","0.00319515686158"
"response to temperature stimulus","213","GO:0009266","http://amigo.geneontology.org/amigo/term/GO:0009266","0.00372689724987"
"regulation of RNA polymerase II transcriptional preinitiation complex assembly","14","GO:0045898","http://amigo.geneontology.org/amigo/term/GO:0045898","0.00393451481489"
"phosphorus metabolic process","1937","GO:0006793","http://amigo.geneontology.org/amigo/term/GO:0006793","0.00393856041392"
"signal transduction by p53 class mediator","129","GO:0072331","http://amigo.geneontology.org/amigo/term/GO:0072331","0.00402029514019"
"neurological system process","1277","GO:0050877","http://amigo.geneontology.org/amigo/term/GO:0050877","0.00414695666214"
"regulation of cellular protein metabolic process","2209","GO:0032268","http://amigo.geneontology.org/amigo/term/GO:0032268","0.00418726573956"
"regulation of innate immune response","364","GO:0045088","http://amigo.geneontology.org/amigo/term/GO:0045088","0.00419700967414"
"innate immune response-activating signal transduction","239","GO:0002758","http://amigo.geneontology.org/amigo/term/GO:0002758","0.00443825984534"
"regulation of cell cycle arrest","111","GO:0071156","http://amigo.geneontology.org/amigo/term/GO:0071156","0.00444036631393"
"regulation of proteolysis involved in cellular protein catabolic process","288","GO:1903050","http://amigo.geneontology.org/amigo/term/GO:1903050","0.00451183408181"
"virion assembly","34","GO:0019068","http://amigo.geneontology.org/amigo/term/GO:0019068","0.00452381944512"
"regulation of cellular catabolic process","685","GO:0031329","http://amigo.geneontology.org/amigo/term/GO:0031329","0.00461120178384"
"ribosomal small subunit biogenesis","47","GO:0042274","http://amigo.geneontology.org/amigo/term/GO:0042274","0.00488746884647"
"biological regulation","11095","GO:0065007","http://amigo.geneontology.org/amigo/term/GO:0065007","0.00510471641536"
"positive regulation of cell cycle process","242","GO:0090068","http://amigo.geneontology.org/amigo/term/GO:0090068","0.00532844060034"
"binding of sperm to zona pellucida","35","GO:0007339","http://amigo.geneontology.org/amigo/term/GO:0007339","0.00560660140287"
"transport of virus","35","GO:0046794","http://amigo.geneontology.org/amigo/term/GO:0046794","0.00560660140287"
"negative regulation of protein modification by small protein conjugation or removal","134","GO:1903321","http://amigo.geneontology.org/amigo/term/GO:1903321","0.00626000988638"
"activation of innate immune response","245","GO:0002218","http://amigo.geneontology.org/amigo/term/GO:0002218","0.0063785381402"
"negative regulation of transferase activity","321","GO:0051348","http://amigo.geneontology.org/amigo/term/GO:0051348","0.00670064693843"
"phosphate-containing compound metabolic process","1890","GO:0006796","http://amigo.geneontology.org/amigo/term/GO:0006796","0.00677941231577"
"positive regulation of cellular process","4526","GO:0048522","http://amigo.geneontology.org/amigo/term/GO:0048522","0.00682973772505"
"positive regulation of DNA-templated transcription, initiation","25","GO:2000144","http://amigo.geneontology.org/amigo/term/GO:2000144","0.00740181710596"
"developmental process","5198","GO:0032502","http://amigo.geneontology.org/amigo/term/GO:0032502","0.00751820311559"
"single-organism nuclear import","98","GO:1902593","http://amigo.geneontology.org/amigo/term/GO:1902593","0.00763778202297"
"protein import into nucleus","98","GO:0006606","http://amigo.geneontology.org/amigo/term/GO:0006606","0.00763778202297"
"protein targeting to nucleus","98","GO:0044744","http://amigo.geneontology.org/amigo/term/GO:0044744","0.00763778202297"
"Golgi vesicle budding","16","GO:0048194","http://amigo.geneontology.org/amigo/term/GO:0048194","0.00847710393248"
"regulation of biological process","10582","GO:0050789","http://amigo.geneontology.org/amigo/term/GO:0050789","0.00852634780267"
"positive regulation of cell cycle","301","GO:0045787","http://amigo.geneontology.org/amigo/term/GO:0045787","0.00901186845465"
"response to topologically incorrect protein","160","GO:0035966","http://amigo.geneontology.org/amigo/term/GO:0035966","0.00961685013197"
"negative regulation of protein metabolic process","938","GO:0051248","http://amigo.geneontology.org/amigo/term/GO:0051248","0.0102173542457"
"ribosomal small subunit assembly","17","GO:0000028","http://amigo.geneontology.org/amigo/term/GO:0000028","0.0119929790479"
"protein export from nucleus","27","GO:0006611","http://amigo.geneontology.org/amigo/term/GO:0006611","0.0122592538728"
"membrane budding","68","GO:0006900","http://amigo.geneontology.org/amigo/term/GO:0006900","0.012384601604"
"mitotic nuclear division","335","GO:0007067","http://amigo.geneontology.org/amigo/term/GO:0007067","0.0133008805568"
"single-organism developmental process","5117","GO:0044767","http://amigo.geneontology.org/amigo/term/GO:0044767","0.0139138826988"
"regulation of protein modification by small protein conjugation or removal","259","GO:1903320","http://amigo.geneontology.org/amigo/term/GO:1903320","0.0142370609645"
"cellular response to DNA damage stimulus","690","GO:0006974","http://amigo.geneontology.org/amigo/term/GO:0006974","0.014764578551"
"protein localization to nucleus","145","GO:0034504","http://amigo.geneontology.org/amigo/term/GO:0034504","0.0155144750639"
"platelet activation","236","GO:0030168","http://amigo.geneontology.org/amigo/term/GO:0030168","0.0155838678517"
"regulation of response to stimulus","3433","GO:0048583","http://amigo.geneontology.org/amigo/term/GO:0048583","0.0161415391905"
"positive regulation of apoptotic process","569","GO:0043065","http://amigo.geneontology.org/amigo/term/GO:0043065","0.0163057094406"
"positive regulation of innate immune response","287","GO:0045089","http://amigo.geneontology.org/amigo/term/GO:0045089","0.0164611493148"
"positive regulation of transcription initiation from RNA polymerase II promoter","18","GO:0060261","http://amigo.geneontology.org/amigo/term/GO:0060261","0.0166179303262"
"carbohydrate metabolic process","793","GO:0005975","http://amigo.geneontology.org/amigo/term/GO:0005975","0.0179529273785"
"intracellular signal transduction","1757","GO:0035556","http://amigo.geneontology.org/amigo/term/GO:0035556","0.0194556037444"
"negative regulation of protein ubiquitination","128","GO:0031397","http://amigo.geneontology.org/amigo/term/GO:0031397","0.0209019573827"
"positive regulation of programmed cell death","578","GO:0043068","http://amigo.geneontology.org/amigo/term/GO:0043068","0.0221766932111"
"response to unfolded protein","150","GO:0006986","http://amigo.geneontology.org/amigo/term/GO:0006986","0.0228039148148"
"negative regulation of nitrogen compound metabolic process","1321","GO:0051172","http://amigo.geneontology.org/amigo/term/GO:0051172","0.0230491960146"
"mitotic sister chromatid segregation","73","GO:0000070","http://amigo.geneontology.org/amigo/term/GO:0000070","0.0230588456206"
"G1 phase","30","GO:0051318","http://amigo.geneontology.org/amigo/term/GO:0051318","0.0243511709914"
"mitotic G1 phase","30","GO:0000080","http://amigo.geneontology.org/amigo/term/GO:0000080","0.0243511709914"
"positive regulation of canonical Wnt signaling pathway","130","GO:0090263","http://amigo.geneontology.org/amigo/term/GO:0090263","0.0246735177146"
"negative regulation of cellular protein metabolic process","871","GO:0032269","http://amigo.geneontology.org/amigo/term/GO:0032269","0.0249204305937"
"response to endogenous stimulus","1434","GO:0009719","http://amigo.geneontology.org/amigo/term/GO:0009719","0.0249272890858"
"negative regulation of canonical Wnt signaling pathway","152","GO:0090090","http://amigo.geneontology.org/amigo/term/GO:0090090","0.0264852708713"
"establishment of organelle localization","297","GO:0051656","http://amigo.geneontology.org/amigo/term/GO:0051656","0.0272548256036"
"single-organism biosynthetic process","1329","GO:0044711","http://amigo.geneontology.org/amigo/term/GO:0044711","0.0273164239095"
"cell activation","647","GO:0001775","http://amigo.geneontology.org/amigo/term/GO:0001775","0.0276910324085"
"protein polyubiquitination","198","GO:0000209","http://amigo.geneontology.org/amigo/term/GO:0000209","0.02811537308"
"mesenchyme migration","5","GO:0090131","http://amigo.geneontology.org/amigo/term/GO:0090131","0.0293221145443"
"small GTPase mediated signal transduction","618","GO:0007264","http://amigo.geneontology.org/amigo/term/GO:0007264","0.0298643682582"
"regulation of DNA-templated transcription, initiation","31","GO:2000142","http://amigo.geneontology.org/amigo/term/GO:2000142","0.0301155790934"
"error-prone translesion synthesis","20","GO:0042276","http://amigo.geneontology.org/amigo/term/GO:0042276","0.0302375007054"
"negative regulation of nucleobase-containing compound metabolic process","1299","GO:0045934","http://amigo.geneontology.org/amigo/term/GO:0045934","0.0311498403152"
"regulation of establishment of protein localization","780","GO:0070201","http://amigo.geneontology.org/amigo/term/GO:0070201","0.0313790881136"
"organelle fission","470","GO:0048285","http://amigo.geneontology.org/amigo/term/GO:0048285","0.0342670421618"
"regulation of macromolecule metabolic process","5474","GO:0060255","http://amigo.geneontology.org/amigo/term/GO:0060255","0.0362263304625"
"nuclear division","443","GO:0000280","http://amigo.geneontology.org/amigo/term/GO:0000280","0.0373807758396"
"positive regulation of cellular component organization","1129","GO:0051130","http://amigo.geneontology.org/amigo/term/GO:0051130","0.0377899977004"
"negative regulation of mitotic cell cycle phase transition","157","GO:1901991","http://amigo.geneontology.org/amigo/term/GO:1901991","0.0381026131434"
"transmembrane transport","1166","GO:0055085","http://amigo.geneontology.org/amigo/term/GO:0055085","0.0391179760693"
"protein refolding","21","GO:0042026","http://amigo.geneontology.org/amigo/term/GO:0042026","0.0398471589427"
"negative regulation of protein modification process","504","GO:0031400","http://amigo.geneontology.org/amigo/term/GO:0031400","0.0399626914121"
"substantia nigra development","46","GO:0021762","http://amigo.geneontology.org/amigo/term/GO:0021762","0.0412680411052"
"carbohydrate derivative metabolic process","1028","GO:1901135","http://amigo.geneontology.org/amigo/term/GO:1901135","0.0416792333113"
"retrograde vesicle-mediated transport, Golgi to ER","33","GO:0006890","http://amigo.geneontology.org/amigo/term/GO:0006890","0.0450857528426"
"sensory perception","945","GO:0007600","http://amigo.geneontology.org/amigo/term/GO:0007600","0.0467644401474"
"sperm-egg recognition","47","GO:0035036","http://amigo.geneontology.org/amigo/term/GO:0035036","0.0481763484077"
"regulation of DNA-templated transcription in response to stress","63","GO:0043620","http://amigo.geneontology.org/amigo/term/GO:0043620","0.051639379818"
"regulation of defense response","733","GO:0031347","http://amigo.geneontology.org/amigo/term/GO:0031347","0.0528695712182"
"RNA localization","162","GO:0006403","http://amigo.geneontology.org/amigo/term/GO:0006403","0.0540441825669"
"sister chromatid segregation","81","GO:0000819","http://amigo.geneontology.org/amigo/term/GO:0000819","0.0566786563275"
"defense response","1440","GO:0006952","http://amigo.geneontology.org/amigo/term/GO:0006952","0.0585993536079"
"regulation of multi-organism process","455","GO:0043900","http://amigo.geneontology.org/amigo/term/GO:0043900","0.0586630223556"
"positive regulation of cell death","608","GO:0010942","http://amigo.geneontology.org/amigo/term/GO:0010942","0.0587190907068"
"positive regulation of apoptotic signaling pathway","188","GO:2001235","http://amigo.geneontology.org/amigo/term/GO:2001235","0.065391340004"
"regulation of transcription initiation from RNA polymerase II promoter","23","GO:0060260","http://amigo.geneontology.org/amigo/term/GO:0060260","0.0665100610253"
"DNA damage checkpoint","143","GO:0000077","http://amigo.geneontology.org/amigo/term/GO:0000077","0.0675637995106"
"negative regulation of macromolecule biosynthetic process","1308","GO:0010558","http://amigo.geneontology.org/amigo/term/GO:0010558","0.079733644288"
"negative regulation of cell cycle phase transition","168","GO:1901988","http://amigo.geneontology.org/amigo/term/GO:1901988","0.0807796700252"
"regulation of protein ubiquitination","242","GO:0031396","http://amigo.geneontology.org/amigo/term/GO:0031396","0.0858154354154"
"organonitrogen compound metabolic process","1388","GO:1901564","http://amigo.geneontology.org/amigo/term/GO:1901564","0.0902389145531"
"regulation of immune system process","1390","GO:0002682","http://amigo.geneontology.org/amigo/term/GO:0002682","0.0938075976895"
"negative regulation of biosynthetic process","1391","GO:0009890","http://amigo.geneontology.org/amigo/term/GO:0009890","0.0956405888112"
"Golgi vesicle transport","245","GO:0048193","http://amigo.geneontology.org/amigo/term/GO:0048193","0.100251732439"
"negative regulation of molecular function","1032","GO:0044092","http://amigo.geneontology.org/amigo/term/GO:0044092","0.102934376904"
"negative regulation of mitotic cell cycle","221","GO:0045930","http://amigo.geneontology.org/amigo/term/GO:0045930","0.107935379711"
"positive regulation of protein metabolic process","1399","GO:0051247","http://amigo.geneontology.org/amigo/term/GO:0051247","0.111544952108"
"proteolysis","1144","GO:0006508","http://amigo.geneontology.org/amigo/term/GO:0006508","0.114934534189"
"vesicle-mediated transport","1147","GO:0016192","http://amigo.geneontology.org/amigo/term/GO:0016192","0.122476351114"
"positive regulation of metabolic process","3465","GO:0009893","http://amigo.geneontology.org/amigo/term/GO:0009893","0.124373930551"
"carbohydrate derivative biosynthetic process","601","GO:1901137","http://amigo.geneontology.org/amigo/term/GO:1901137","0.125274670846"
"establishment of RNA localization","152","GO:0051236","http://amigo.geneontology.org/amigo/term/GO:0051236","0.127267049172"
"RNA transport","152","GO:0050658","http://amigo.geneontology.org/amigo/term/GO:0050658","0.127267049172"
"nucleic acid transport","152","GO:0050657","http://amigo.geneontology.org/amigo/term/GO:0050657","0.127267049172"
"regulation of cellular response to heat","71","GO:1900034","http://amigo.geneontology.org/amigo/term/GO:1900034","0.13174087802"
"negative regulation of cellular biosynthetic process","1371","GO:0031327","http://amigo.geneontology.org/amigo/term/GO:0031327","0.133067487665"
"DNA integrity checkpoint","153","GO:0031570","http://amigo.geneontology.org/amigo/term/GO:0031570","0.136147100957"
"single-organism carbohydrate metabolic process","606","GO:0044723","http://amigo.geneontology.org/amigo/term/GO:0044723","0.145482625567"
"glycogen metabolic process","55","GO:0005977","http://amigo.geneontology.org/amigo/term/GO:0005977","0.147573406721"
"regulation of canonical Wnt signaling pathway","227","GO:0060828","http://amigo.geneontology.org/amigo/term/GO:0060828","0.148776456529"
"regulation of cellular localization","1164","GO:0060341","http://amigo.geneontology.org/amigo/term/GO:0060341","0.174553836661"
"DNA packaging","157","GO:0006323","http://amigo.geneontology.org/amigo/term/GO:0006323","0.177338906813"
"cellular glucan metabolic process","57","GO:0006073","http://amigo.geneontology.org/amigo/term/GO:0006073","0.189729729565"
"glucan metabolic process","57","GO:0044042","http://amigo.geneontology.org/amigo/term/GO:0044042","0.189729729565"
"negative regulation of cell cycle process","232","GO:0010948","http://amigo.geneontology.org/amigo/term/GO:0010948","0.192738240701"
"negative regulation of gene expression","1391","GO:0010629","http://amigo.geneontology.org/amigo/term/GO:0010629","0.194058019738"
"positive regulation of cellular metabolic process","2825","GO:0031325","http://amigo.geneontology.org/amigo/term/GO:0031325","0.195508837171"
"vesicle targeting, to, from or within Golgi","28","GO:0048199","http://amigo.geneontology.org/amigo/term/GO:0048199","0.199117240942"
"positive regulation of organelle organization","617","GO:0010638","http://amigo.geneontology.org/amigo/term/GO:0010638","0.200769944649"
"carboxylic acid metabolic process","852","GO:0019752","http://amigo.geneontology.org/amigo/term/GO:0019752","0.204131253569"
"negative regulation of Wnt signaling pathway","183","GO:0030178","http://amigo.geneontology.org/amigo/term/GO:0030178","0.204626475348"
"regulation of proteolysis","751","GO:0030162","http://amigo.geneontology.org/amigo/term/GO:0030162","0.210683639492"
"immune response","1321","GO:0006955","http://amigo.geneontology.org/amigo/term/GO:0006955","0.212032820879"
"detection of stimulus involved in sensory perception","514","GO:0050906","http://amigo.geneontology.org/amigo/term/GO:0050906","0.235305723017"
"regulation of transcription from RNA polymerase II promoter in response to stress","59","GO:0043618","http://amigo.geneontology.org/amigo/term/GO:0043618","0.241540026548"
"regulation of viral release from host cell","29","GO:1902186","http://amigo.geneontology.org/amigo/term/GO:1902186","0.241704239303"
"nucleobase-containing compound transport","186","GO:0015931","http://amigo.geneontology.org/amigo/term/GO:0015931","0.243544739729"
"nuclear export","117","GO:0051168","http://amigo.geneontology.org/amigo/term/GO:0051168","0.24374998925"
"positive regulation of Wnt signaling pathway","162","GO:0030177","http://amigo.geneontology.org/amigo/term/GO:0030177","0.243882338695"
"regulation of body fluid levels","657","GO:0050878","http://amigo.geneontology.org/amigo/term/GO:0050878","0.246879856721"
"negative regulation of RNA metabolic process","1182","GO:0051253","http://amigo.geneontology.org/amigo/term/GO:0051253","0.251343079456"
"regulation of circadian rhythm","97","GO:0042752","http://amigo.geneontology.org/amigo/term/GO:0042752","0.259667016805"
"negative regulation of response to stimulus","1295","GO:0048585","http://amigo.geneontology.org/amigo/term/GO:0048585","0.26237502802"
"cell-cell recognition","60","GO:0009988","http://amigo.geneontology.org/amigo/term/GO:0009988","0.27158370969"
"regulation of viral process","188","GO:0050792","http://amigo.geneontology.org/amigo/term/GO:0050792","0.272967613571"
"positive regulation of defense response","379","GO:0031349","http://amigo.geneontology.org/amigo/term/GO:0031349","0.277814035747"
"regulation of gene expression","4060","GO:0010468","http://amigo.geneontology.org/amigo/term/GO:0010468","0.29202368606"
"response to peptide hormone","411","GO:0043434","http://amigo.geneontology.org/amigo/term/GO:0043434","0.302081743217"
"negative regulation of cellular macromolecule biosynthetic process","1229","GO:2000113","http://amigo.geneontology.org/amigo/term/GO:2000113","0.3069986175"
"glucose metabolic process","143","GO:0006006","http://amigo.geneontology.org/amigo/term/GO:0006006","0.320255277245"
"positive regulation of response to stimulus","1844","GO:0048584","http://amigo.geneontology.org/amigo/term/GO:0048584","0.320453126312"
"positive regulation of macromolecule metabolic process","2659","GO:0010604","http://amigo.geneontology.org/amigo/term/GO:0010604","0.338674358793"
"osteoblast differentiation","122","GO:0001649","http://amigo.geneontology.org/amigo/term/GO:0001649","0.353669616137"
"monovalent inorganic cation transport","447","GO:0015672","http://amigo.geneontology.org/amigo/term/GO:0015672","0.366869300242"
"regulation of cellular process","10096","GO:0050794","http://amigo.geneontology.org/amigo/term/GO:0050794","0.372064087752"
"rRNA processing","147","GO:0006364","http://amigo.geneontology.org/amigo/term/GO:0006364","0.415455196524"
"prophase","64","GO:0051324","http://amigo.geneontology.org/amigo/term/GO:0051324","0.424847266086"
"mitotic prophase","64","GO:0000088","http://amigo.geneontology.org/amigo/term/GO:0000088","0.424847266086"
"protein modification by small protein conjugation","678","GO:0032446","http://amigo.geneontology.org/amigo/term/GO:0032446","0.433432173719"
"DNA replication-dependent nucleosome assembly","10","GO:0006335","http://amigo.geneontology.org/amigo/term/GO:0006335","0.433601882634"
"DNA replication-dependent nucleosome organization","10","GO:0034723","http://amigo.geneontology.org/amigo/term/GO:0034723","0.433601882634"
"regulation of cellular amino acid metabolic process","65","GO:0006521","http://amigo.geneontology.org/amigo/term/GO:0006521","0.472747111604"
"positive regulation of type I interferon production","84","GO:0032481","http://amigo.geneontology.org/amigo/term/GO:0032481","0.477249768642"
"movement of cell or subcellular component","1367","GO:0006928","http://amigo.geneontology.org/amigo/term/GO:0006928","0.493557111786"
"monosaccharide metabolic process","225","GO:0005996","http://amigo.geneontology.org/amigo/term/GO:0005996","0.499230384038"
